"OBJIDsic","Region_new","Region_unique","island","UN_geospat"
5,"Altai_Krai","RUS_Altai_Krai_5","MAIN","Eastern_Europe"
17,"Antartica_Chilena","CHL_Antartica_Chilena_17","MAIN","South_America"
19,"Antofagasta_Province","CHL_Antofagasta_Province_19","MAIN","South_America"
26,"Armenia","ARM_Armenia_26","MAIN","Western_Asia"
32,"","GBR_Ascension_32","ISL","Mid_South_Africa"
40,"Bangladesh","BGD_Bangladesh_40","MAIN","Southern_Asia"
41,"","DOM_Beata_41","ISL","Central_America_Carib"
59,"","BRN_Brunei_59","ISL","Southeast_Asia"
60,"Burgenland","AUT_Burgenland_60","MAIN","Europe"
65,"","PRI_Caja_de_Muertos_65","ISL","Central_America_Carib"
66,"Cambodia","KHM_Cambodia_66","MAIN","Southeast_Asia"
74,"","PRI_Cayo_Santiago_74","ISL","Central_America_Carib"
83,"Chacabuco","CHL_Chacabuco_83","MAIN","South_America"
84,"","GBR_Channel_Islands_84","ISL","Europe"
91,"","AUS_Cocos_Keeling_Islands_91","ISL","Southeast_Asia"
102,"","PRT_Corvo_102","ISL","Europe"
108,"","PRI_Culebra_108","ISL","Central_America_Carib"
114,"","PRI_Desecheo_114","ISL","Central_America_Carib"
122,"","TLS_East_Timor_122","ISL","Southeast_Asia"
124,"","CHL_Easter_Island_Rapa_Nui_124","ISL","South_America"
129,"Equatorial_Guinea","GNQ_Equatorial_Guinea_129","MAIN","Mid_South_Africa"
130,"","ECU_Espanola_130","ISL","South_America"
132,"","PRT_Faial_132","ISL","Europe"
138,"","ECU_Fernandina_138","ISL","South_America"
145,"","ECU_Floreana_145","ISL","South_America"
146,"","PRT_Flores_146","ISL","Europe"
151,"","USA_French_Frigate_Shoals_151","ISL","Micronesia_Polynesia"
154,"Gambia","GMB_Gambia_154","MAIN","Western_Africa"
158,"","ECU_Genovesa_158","ISL","South_America"
160,"","PRT_Graciosa_160","ISL","Europe"
162,"","GBR_Great_Britain_162","ISL","Europe"
165,"Guatemala","GTM_Guatemala_165","MAIN","Central_America_Carib"
171,"","USA_Hawaii_Island_171","ISL","Micronesia_Polynesia"
182,"","PRI_Icacos_182","ISL","Central_America_Carib"
192,"","IDN_Kalimantan_192","ISL","Southeast_Asia"
193,"","IDN_Maluku_193","ISL","Southeast_Asia"
194,"","IDN_Nusa_Tenggara_194","ISL","Southeast_Asia"
195,"","IDN_Papua_195","ISL","Oceania"
196,"","IDN_Sulawesi_196","ISL","Southeast_Asia"
197,"","IDN_Sumatra_197","ISL","Southeast_Asia"
198,"Iran","IRN_Iran_198","MAIN","Western_Asia"
199,"Iraq","IRQ_Iraq_199","MAIN","Western_Asia"
202,"","ECU_Isabela_202","ISL","South_America"
209,"Jordan","JOR_Jordan_209","MAIN","Western_Asia"
213,"","USA_Kaula_213","ISL","Micronesia_Polynesia"
214,"","USA_Kahoolawe_214","ISL","Micronesia_Polynesia"
220,"Carinthia","AUT_Carinthia_220","MAIN","Europe"
222,"","USA_Kauai_222","ISL","Micronesia_Polynesia"
227,"","NZL_Kermadec_Island_227","ISL","Micronesia_Polynesia"
231,"Krasnodar","RUS_Krasnodar_231","MAIN","Eastern_Europe"
232,"","USA_Kure_232","ISL","Micronesia_Polynesia"
243,"","FRA_La_Reunion_243","ISL","East_Africa"
247,"","USA_Lanai_247","ISL","Micronesia_Polynesia"
249,"","USA_Laysan_249","ISL","Micronesia_Polynesia"
251,"","USA_Lehua_251","ISL","Micronesia_Polynesia"
258,"","USA_Lisianski_258","ISL","Micronesia_Polynesia"
264,"Magadan_Region","RUS_Magadan_Region_264","MAIN","Eastern_Europe"
267,"","PRI_Magueyes_267","ISL","Central_America_Carib"
277,"","USA_Mauii_277","ISL","Micronesia_Polynesia"
284,"Mexico_State","MEX_Mexico_State_284","MAIN","Central_America_Carib"
286,"","USA_Midway_286","ISL","Micronesia_Polynesia"
288,"","USA_Molokai_288","ISL","Micronesia_Polynesia"
289,"","PRI_Mona_289","ISL","Central_America_Carib"
290,"Mongolia","MNG_Mongolia_290","MAIN","East_Asia"
291,"","PRI_Monito_291","ISL","Central_America_Carib"
294,"Montenegro","MNE_Montenegro_294","MAIN","Europe"
300,"Murmansk_Area","RUS_Murmansk_Area_300","MAIN","Eastern_Europe"
301,"Myanmar","MMR_Myanmar_301","MAIN","Southeast_Asia"
307,"","USA_Niihau_307","ISL","Micronesia_Polynesia"
308,"Lower_Austria","AUT_Lower_Austria_308","MAIN","Europe"
309,"","USA_Nihoa_309","ISL","Micronesia_Polynesia"
320,"Central_Western_Slopes","AUS_Central_Western_Slopes_320","MAIN","Oceania"
321,"","USA_Oahu_321","ISL","Micronesia_Polynesia"
323,"Upper_Austria","AUT_Upper_Austria_323","MAIN","Europe"
329,"Oman","OMN_Oman_329","MAIN","Western_Asia"
349,"Pakistan","PAK_Pakistan_349","MAIN","Southern_Asia"
353,"","PNG_Papua_New_Guinea_353","ISL","Oceania"
354,"Paraguay","PRY_Paraguay_354","MAIN","South_America"
356,"","USA_Pearl_and_Hermes_356","ISL","Micronesia_Polynesia"
359,"","PRT_Pico_359","ISL","Europe"
361,"","ECU_Pinta_361","ISL","South_America"
362,"","ECU_Pinzon_362","ISL","South_America"
373,"","MUS_Rodrigues_373","ISL","East_Africa"
382,"Salzburg","AUT_Salzburg_382","MAIN","Europe"
384,"","WSM_Samoa_384","ISL","Micronesia_Polynesia"
386,"","ECU_San_Cristobal_386","ISL","South_America"
396,"","ECU_Santa_Cruz_396","ISL","South_America"
397,"","ECU_Santa_Fe_397","ISL","South_America"
399,"","PRT_Santa_Maria_399","ISL","Europe"
403,"","ECU_Santiago_403","ISL","South_America"
405,"","PRT_Sao_Jorge_405","ISL","Europe"
406,"","PRT_Sao_Miguel_406","ISL","Europe"
412,"Serbia","SRB_Serbia_412","MAIN","Europe"
419,"","SLB_Solomon_Islands_419","ISL","Oceania"
431,"","USA_St_Croix_431","ISL","Central_America_Carib"
432,"","GBR_St_Helena_432","ISL","Mid_South_Africa"
433,"","USA_St_John_433","ISL","Central_America_Carib"
435,"","USA_St_Thomas_435","ISL","Central_America_Carib"
436,"Styria","AUT_Styria_436","MAIN","Europe"
453,"","PRT_Terceira_453","ISL","Europe"
457,"Tyrol","AUT_Tyrol_457","MAIN","Europe"
463,"Turkey","TUR_Turkey_463","MAIN","Western_Asia"
469,"","TUV_Tuvalu_469","ISL","Micronesia_Polynesia"
471,"United_Arab_Emirates","ARE_United_Arab_Emirates_471","MAIN","Western_Asia"
481,"","VUT_Vanuatu_481","ISL","Oceania"
484,"Victoria","AUS_Victoria_484","MAIN","Oceania"
485,"","USA_Vieques_485","ISL","Central_America_Carib"
486,"Vietnam","VNM_Vietnam_486","MAIN","Southeast_Asia"
490,"Vorarlberg","AUT_Vorarlberg_490","MAIN","Europe"
497,"Western_Sahara","ESH_Western_Sahara_497","MAIN","North_Africa"
499,"Vienna","AUT_Vienna_499","MAIN","Europe"
506,"Belize","BLZ_Belize_506","MAIN","Central_America_Carib"
508,"","ABW_Aruba_508","ISL","South_America"
509,"Angola","AGO_Angola_509","MAIN","Mid_South_Africa"
510,"","GBR_Anguilla_510","ISL","Central_America_Carib"
511,"Albania","ALB_Albania_511","MAIN","Europe"
512,"Buenos_Aires_Area","ARG_Buenos_Aires_Area_512","MAIN","South_America"
513,"Catamarca","ARG_Catamarca_513","MAIN","South_America"
514,"Chaco","ARG_Chaco_514","MAIN","South_America"
515,"Chubut","ARG_Chubut_515","MAIN","South_America"
516,"Cordoba","ARG_Cordoba_516","MAIN","South_America"
517,"Corrientes","ARG_Corrientes_517","MAIN","South_America"
518,"Buenos_Aires_City","ARG_Buenos_Aires_City_518","MAIN","South_America"
519,"Entre_Rios","ARG_Entre_Rios_519","MAIN","South_America"
520,"Formosa","ARG_Formosa_520","MAIN","South_America"
521,"Jujuy","ARG_Jujuy_521","MAIN","South_America"
522,"La_Pampa","ARG_La_Pampa_522","MAIN","South_America"
523,"La_Rioja","ARG_La_Rioja_523","MAIN","South_America"
524,"Mendoza","ARG_Mendoza_524","MAIN","South_America"
525,"Misiones","ARG_Misiones_525","MAIN","South_America"
526,"Neuquen","ARG_Neuquen_526","MAIN","South_America"
527,"Rio_Negro","ARG_Rio_Negro_527","MAIN","South_America"
528,"Salta","ARG_Salta_528","MAIN","South_America"
529,"Santa_Cruz","ARG_Santa_Cruz_529","MAIN","South_America"
530,"Santiago_del_Estero","ARG_Santiago_del_Estero_530","MAIN","South_America"
531,"Santa_Fe","ARG_Santa_Fe_531","MAIN","South_America"
532,"San_Juan","ARG_San_Juan_532","MAIN","South_America"
533,"San_Luis","ARG_San_Luis_533","MAIN","South_America"
534,"","ARG_Tierra_del_Fuego_ARG_534","ISL","South_America"
535,"Tucuman","ARG_Tucuman_535","MAIN","South_America"
536,"","USA_Aunuu_536","ISL","Micronesia_Polynesia"
537,"","USA_Ofu_537","ISL","Micronesia_Polynesia"
538,"","USA_Olosega_538","ISL","Micronesia_Polynesia"
539,"","USA_Swains_539","ISL","Micronesia_Polynesia"
540,"","USA_Tau_540","ISL","Micronesia_Polynesia"
541,"","USA_Tutuila_541","ISL","Micronesia_Polynesia"
543,"","GBR_Antigua_543","ISL","Central_America_Carib"
544,"","GBR_Barbuda_544","ISL","Central_America_Carib"
545,"","AUS_Alexander_Island_545","ISL","Oceania"
546,"","AUS_Ashmore_Reef_546","ISL","Southeast_Asia"
547,"","AUS_Beacon_Island_547","ISL","Oceania"
548,"","AUS_Coral_Sea_Islands_Territory_548","ISL","Oceania"
549,"","AUS_East_Wallabi_Island_549","ISL","Oceania"
550,"","AUS_Gilbert_Island_550","ISL","Oceania"
551,"","AUS_Gun_Island_551","ISL","Oceania"
552,"","AUS_Helms_Island_552","ISL","Oceania"
553,"","AUS_Hummock_Island_553","ISL","Oceania"
554,"","AUS_Leo_Island_554","ISL","Oceania"
555,"","AUS_Long_Island_Houtman_Abrolhos_555","ISL","Oceania"
556,"","AUS_Little_Rat_Island_556","ISL","Oceania"
557,"","AUS_Morley_Island_557","ISL","Oceania"
558,"","AUS_Middle_Island_558","ISL","Oceania"
559,"","AUS_Murray_Island_559","ISL","Oceania"
560,"","AUS_Newman_Island_560","ISL","Oceania"
561,"","AUS_North_Island_Houtman_Abrolhos_561","ISL","Oceania"
562,"Central_Coast","AUS_Central_Coast_562","MAIN","Oceania"
563,"Central_Tablelands","AUS_Central_Tablelands_563","MAIN","Oceania"
564,"","AUS_Lord_Howe_Island_564","ISL","Oceania"
565,"North_Coast","AUS_North_Coast_565","MAIN","Oceania"
566,"North_Far_Western_Plains","AUS_North_Far_Western_Plains_566","MAIN","Oceania"
567,"Northern_Tablelands","AUS_Northern_Tablelands_567","MAIN","Oceania"
568,"North_Western_Plains","AUS_North_Western_Plains_568","MAIN","Oceania"
569,"North_Western_Slopes","AUS_North_Western_Slopes_569","MAIN","Oceania"
570,"South_Coast","AUS_South_Coast_570","MAIN","Oceania"
571,"South_Far_Western_Plains","AUS_South_Far_Western_Plains_571","MAIN","Oceania"
572,"Southern_Tablelands","AUS_Southern_Tablelands_572","MAIN","Oceania"
573,"South_Western_Plains","AUS_South_Western_Plains_573","MAIN","Oceania"
574,"South_Western_Slopes","AUS_South_Western_Slopes_574","MAIN","Oceania"
575,"Northern_Territory","AUS_Northern_Territory_575","MAIN","Oceania"
576,"","AUS_Pelsaert_Island_576","ISL","Oceania"
577,"","AUS_Pigeon_Island_577","ISL","Oceania"
578,"Burke","AUS_Burke_578","MAIN","Oceania"
579,"Burnett","AUS_Burnett_579","MAIN","Oceania"
580,"Cook","AUS_Cook_580","MAIN","Oceania"
581,"Darling_Downs","AUS_Darling_Downs_581","MAIN","Oceania"
582,"Gregory_North","AUS_Gregory_North_582","MAIN","Oceania"
583,"Gregory_South","AUS_Gregory_South_583","MAIN","Oceania"
584,"Leichhardt","AUS_Leichhardt_584","MAIN","Oceania"
585,"Maranoa","AUS_Maranoa_585","MAIN","Oceania"
586,"Mitchell","AUS_Mitchell_586","MAIN","Oceania"
587,"Moreton","AUS_Moreton_587","MAIN","Oceania"
588,"Kennedy_North","AUS_Kennedy_North_588","MAIN","Oceania"
589,"Port_Curtis","AUS_Port_Curtis_589","MAIN","Oceania"
590,"Kennedy_South","AUS_Kennedy_South_590","MAIN","Oceania"
591,"Warrego","AUS_Warrego_591","MAIN","Oceania"
592,"Wide_Bay","AUS_Wide_Bay_592","MAIN","Oceania"
593,"","AUS_Rat_Island_593","ISL","Oceania"
594,"SA_EA","AUS_SA_EA_594","MAIN","Oceania"
595,"Eyre_Peninsula","AUS_Eyre_Peninsula_595","MAIN","Oceania"
596,"Flinders_Ranges","AUS_Flinders_Ranges_596","MAIN","Oceania"
597,"Gairdner_Torrens_Basin","AUS_Gairdner_Torrens_Basin_597","MAIN","Oceania"
598,"","AUS_Kangaroo_Island_598","ISL","Oceania"
599,"Eyre_Basin","AUS_Eyre_Basin_599","MAIN","Oceania"
600,"Murray_Basin","AUS_Murray_Basin_600","MAIN","Oceania"
601,"Lofty_North","AUS_Lofty_North_601","MAIN","Oceania"
602,"Nullabor","AUS_Nullabor_602","MAIN","Oceania"
603,"North_West","AUS_North_West_603","MAIN","Oceania"
604,"South_East","AUS_South_East_604","MAIN","Oceania"
605,"Lofty_South","AUS_Lofty_South_605","MAIN","Oceania"
606,"Yorke_Peninsula","AUS_Yorke_Peninsula_606","MAIN","Oceania"
607,"","AUS_Serventy_Island_607","ISL","Oceania"
608,"","AUS_Seagull_Island_608","ISL","Oceania"
609,"","AUS_Suomi_Island_609","ISL","Oceania"
610,"","AUS_Tasmania_610","ISL","Oceania"
611,"","AUS_Macquarie_Island_611","ISL","Oceania"
612,"","AUS_Uncle_Margie_Island_612","ISL","Oceania"
613,"Avon_Wheatbelt","AUS_Avon_Wheatbelt_613","MAIN","Oceania"
614,"Carnarvon","AUS_Carnarvon_614","MAIN","Oceania"
615,"Central_Kimberley","AUS_Central_Kimberley_615","MAIN","Oceania"
616,"Coolgardie","AUS_Coolgardie_616","MAIN","Oceania"
617,"Central_Ranges","AUS_Central_Ranges_617","MAIN","Oceania"
618,"Dampierland","AUS_Dampierland_618","MAIN","Oceania"
619,"Esperance_Plains","AUS_Esperance_Plains_619","MAIN","Oceania"
620,"Gascoyne","AUS_Gascoyne_620","MAIN","Oceania"
621,"Gibson_Desert","AUS_Gibson_Desert_621","MAIN","Oceania"
622,"Gread_Sandy_Desert","AUS_Gread_Sandy_Desert_622","MAIN","Oceania"
623,"Geraldton_Sandplains","AUS_Geraldton_Sandplains_623","MAIN","Oceania"
624,"Great_Victoria_Desert","AUS_Great_Victoria_Desert_624","MAIN","Oceania"
625,"Hampton","AUS_Hampton_625","MAIN","Oceania"
626,"Jarrah_Forest","AUS_Jarrah_Forest_626","MAIN","Oceania"
627,"Little_Sandy_Desert","AUS_Little_Sandy_Desert_627","MAIN","Oceania"
628,"Mallee","AUS_Mallee_628","MAIN","Oceania"
629,"Murchison","AUS_Murchison_629","MAIN","Oceania"
630,"Northern_Kimberley","AUS_Northern_Kimberley_630","MAIN","Oceania"
631,"Nullabor","AUS_Nullabor_631","MAIN","Oceania"
632,"Ord_Victoria_Plains","AUS_Ord_Victoria_Plains_632","MAIN","Oceania"
633,"Pilbara","AUS_Pilbara_633","MAIN","Oceania"
634,"Swan_Coastal_Plain","AUS_Swan_Coastal_Plain_634","MAIN","Oceania"
635,"Tanami","AUS_Tanami_635","MAIN","Oceania"
636,"Victoria_Bonaparte","AUS_Victoria_Bonaparte_636","MAIN","Oceania"
637,"Warren","AUS_Warren_637","MAIN","Oceania"
638,"Yalgoo","AUS_Yalgoo_638","MAIN","Oceania"
639,"","AUS_White_Island_639","ISL","Oceania"
640,"","AUS_Wooded_Island_640","ISL","Oceania"
641,"","AUS_West_Wallabi_Island_641","ISL","Oceania"
643,"Burundi","BDI_Burundi_643","MAIN","East_Africa"
645,"Benin","BEN_Benin_645","MAIN","Western_Africa"
646,"","NLD_Bonaire_646","ISL","South_America"
647,"","NLD_St_Eustatius_647","ISL","Central_America_Carib"
648,"","NLD_Saba_648","ISL","Central_America_Carib"
649,"Burkina_Faso","BFA_Burkina_Faso_649","MAIN","Western_Africa"
650,"Bulgaria","BGR_Bulgaria_650","MAIN","Eastern_Europe"
651,"","BHS_Bahamas_651","ISL","Central_America_Carib"
652,"","FRA_St_Barthelemy_652","ISL","Central_America_Carib"
653,"Belarus","BLR_Belarus_653","MAIN","Eastern_Europe"
661,"","GBR_Bermuda_661","ISL","Mid_North_America"
663,"Acre","BRA_Acre_663","MAIN","South_America"
664,"Alagoas","BRA_Alagoas_664","MAIN","South_America"
665,"Amazonas","BRA_Amazonas_665","MAIN","South_America"
666,"Amapa","BRA_Amapa_666","MAIN","South_America"
667,"Bahia","BRA_Bahia_667","MAIN","South_America"
668,"Ceara","BRA_Ceara_668","MAIN","South_America"
669,"Distrito_Federal","BRA_Distrito_Federal_669","MAIN","South_America"
670,"Espirito_Santo","BRA_Espirito_Santo_670","MAIN","South_America"
671,"","BRA_Trindade_and_Martin_Vaz_671","ISL","South_America"
672,"Goias","BRA_Goias_672","MAIN","South_America"
673,"Maranhao","BRA_Maranhao_673","MAIN","South_America"
674,"Minas_Gerais","BRA_Minas_Gerais_674","MAIN","South_America"
675,"Mato_Grosso_do_Sul","BRA_Mato_Grosso_do_Sul_675","MAIN","South_America"
676,"Mato_Grosso","BRA_Mato_Grosso_676","MAIN","South_America"
677,"Para","BRA_Para_677","MAIN","South_America"
678,"Paraiba","BRA_Paraiba_678","MAIN","South_America"
679,"Pernambuco","BRA_Pernambuco_679","MAIN","South_America"
680,"Piaui","BRA_Piaui_680","MAIN","South_America"
681,"Parana","BRA_Parana_681","MAIN","South_America"
682,"Rio_de_Janeiro","BRA_Rio_de_Janeiro_682","MAIN","South_America"
683,"Rio_Grande_do_Norte","BRA_Rio_Grande_do_Norte_683","MAIN","South_America"
684,"Rondonia","BRA_Rondonia_684","MAIN","South_America"
685,"Roraima","BRA_Roraima_685","MAIN","South_America"
686,"Rio_Grande_do_Sul","BRA_Rio_Grande_do_Sul_686","MAIN","South_America"
687,"Santa_Catarina","BRA_Santa_Catarina_687","MAIN","South_America"
688,"Sergipe","BRA_Sergipe_688","MAIN","South_America"
689,"Sao_Paulo","BRA_Sao_Paulo_689","MAIN","South_America"
690,"Tocatins","BRA_Tocatins_690","MAIN","South_America"
691,"","BRB_Barbados_691","ISL","Central_America_Carib"
692,"Botswana","BWA_Botswana_692","MAIN","Mid_South_Africa"
693,"Central_African_Republic","CAF_Central_African_Republic_693","MAIN","Mid_South_Africa"
694,"Alberta","CAN_Alberta_694","MAIN","Northern_North_America"
695,"British_Columbia","CAN_British_Columbia_695","MAIN","Northern_North_America"
696,"Labrador","CAN_Labrador_696","MAIN","Northern_North_America"
697,"Manitoba","CAN_Manitoba_697","MAIN","Northern_North_America"
698,"New_Brunswick","CAN_New_Brunswick_698","MAIN","Northern_North_America"
699,"","CAN_Newfoundland_699","ISL","Northern_North_America"
700,"Nova_Scotia","CAN_Nova_Scotia_700","MAIN","Northern_North_America"
701,"Northwest_Territories","CAN_Northwest_Territories_701","MAIN","Northern_North_America"
702,"Nunavut","CAN_Nunavut_702","MAIN","Northern_North_America"
703,"Ontario","CAN_Ontario_703","MAIN","Northern_North_America"
704,"","CAN_Prince_Edward_Island_704","ISL","Northern_North_America"
705,"Quebec","CAN_Quebec_705","MAIN","Northern_North_America"
706,"","CAN_Sable_Island_706","ISL","Northern_North_America"
707,"Saskatchewan","CAN_Saskatchewan_707","MAIN","Northern_North_America"
708,"Yukon","CAN_Yukon_708","MAIN","Northern_North_America"
709,"","AUS_Cocos_North_Keeling_Island_709","ISL","Southeast_Asia"
710,"Switzerland","CHE_Switzerland_710","MAIN","Europe"
711,"","RUS_Antsiferova_711","ISL","Eastern_Europe"
712,"Aisen","CHL_Aisen_712","MAIN","South_America"
714,"Arica","CHL_Arica_714","MAIN","South_America"
715,"","CHL_Alejandro_Selkirk_Island_715","ISL","South_America"
716,"Arauco","CHL_Arauco_716","MAIN","South_America"
717,"Biobio","CHL_Biobio_717","MAIN","South_America"
718,"Cachapoal","CHL_Cachapoal_718","MAIN","South_America"
719,"Chad","TCD_Chad_719","MAIN","Mid_South_Africa"
720,"Cardenal_Caro","CHL_Cardenal_Caro_720","MAIN","South_America"
721,"Cordillera","CHL_Cordillera_721","MAIN","South_America"
722,"Chiloe","CHL_Chiloe_722","MAIN","South_America"
723,"Choapa","CHL_Choapa_723","MAIN","South_America"
724,"Coihaique","CHL_Coihaique_724","MAIN","South_America"
725,"Colchagua","CHL_Colchagua_725","MAIN","South_America"
726,"Concepcion","CHL_Concepcion_726","MAIN","South_America"
727,"Copiapo","CHL_Copiapo_727","MAIN","South_America"
728,"Capitan_Prat","CHL_Capitan_Prat_728","MAIN","South_America"
729,"Cauquenes","CHL_Cauquenes_729","MAIN","South_America"
730,"Cautin","CHL_Cautin_730","MAIN","South_America"
731,"Curico","CHL_Curico_731","MAIN","South_America"
732,"El_Loa","CHL_El_Loa_732","MAIN","South_America"
733,"Elqui","CHL_Elqui_733","MAIN","South_America"
734,"General_Carrera","CHL_General_Carrera_734","MAIN","South_America"
735,"Huasco","CHL_Huasco_735","MAIN","South_America"
736,"Iquique","CHL_Iquique_736","MAIN","South_America"
737,"Los_Andes","CHL_Los_Andes_737","MAIN","South_America"
738,"Llanquihue","CHL_Llanquihue_738","MAIN","South_America"
739,"Limari","CHL_Limari_739","MAIN","South_America"
740,"Linares","CHL_Linares_740","MAIN","South_America"
741,"Melipilla","CHL_Melipilla_741","MAIN","South_America"
742,"Magallanes","CHL_Magallanes_742","MAIN","South_America"
743,"Maipo","CHL_Maipo_743","MAIN","South_America"
744,"Malleco","CHL_Malleco_744","MAIN","South_America"
745,"Nuble","CHL_Nuble_745","MAIN","South_America"
746,"Osorno","CHL_Osorno_746","MAIN","South_America"
747,"Petorca","CHL_Petorca_747","MAIN","South_America"
748,"Palena","CHL_Palena_748","MAIN","South_America"
749,"Parinacota","CHL_Parinacota_749","MAIN","South_America"
750,"Quillota","CHL_Quillota_750","MAIN","South_America"
751,"","CHL_Robinso_Crusoe_Island_751","ISL","South_America"
752,"San_Antonio","CHL_San_Antonio_752","MAIN","South_America"
753,"","CHL_Santa_Clara_753","ISL","South_America"
754,"San_Felipe_de_Aconcagua","CHL_San_Felipe_de_Aconcagua_754","MAIN","South_America"
755,"Santiago","CHL_Santiago_755","MAIN","South_America"
756,"Talca","CHL_Talca_756","MAIN","South_America"
757,"Talagante","CHL_Talagante_757","MAIN","South_America"
758,"","CHL_Tierra_del_Fuego_CHL_758","ISL","South_America"
759,"Tocopilla","CHL_Tocopilla_759","MAIN","South_America"
760,"Ultima_Esperanza","CHL_Ultima_Esperanza_760","MAIN","South_America"
761,"Valdivia","CHL_Valdivia_761","MAIN","South_America"
762,"Valparaiso","CHL_Valparaiso_762","MAIN","South_America"
763,"Beijing","CHN_Beijing_763","MAIN","East_Asia"
764,"Tianjing","CHN_Tianjing_764","MAIN","East_Asia"
765,"Hebei","CHN_Hebei_765","MAIN","East_Asia"
766,"Shanxi","CHN_Shanxi_766","MAIN","East_Asia"
767,"Liaoning","CHN_Liaoning_767","MAIN","East_Asia"
768,"Jilin","CHN_Jilin_768","MAIN","East_Asia"
769,"Heilongjiang","CHN_Heilongjiang_769","MAIN","East_Asia"
770,"Shanghai","CHN_Shanghai_770","MAIN","East_Asia"
771,"Jiangsu","CHN_Jiangsu_771","MAIN","East_Asia"
772,"Zhejiang","CHN_Zhejiang_772","MAIN","East_Asia"
773,"Anhui","CHN_Anhui_773","MAIN","East_Asia"
774,"Fujian","CHN_Fujian_774","MAIN","East_Asia"
775,"Jiangxi","CHN_Jiangxi_775","MAIN","East_Asia"
776,"Shandong","CHN_Shandong_776","MAIN","East_Asia"
777,"Henan","CHN_Henan_777","MAIN","East_Asia"
778,"Hubei","CHN_Hubei_778","MAIN","East_Asia"
779,"Hunan","CHN_Hunan_779","MAIN","East_Asia"
780,"Guangdong","CHN_Guangdong_780","MAIN","East_Asia"
781,"Guangxi","CHN_Guangxi_781","MAIN","East_Asia"
782,"","CHN_Hainan_782","ISL","East_Asia"
783,"Chongqing","CHN_Chongqing_783","MAIN","East_Asia"
784,"Sichuan","CHN_Sichuan_784","MAIN","East_Asia"
785,"Guizhou","CHN_Guizhou_785","MAIN","East_Asia"
786,"Yunnan","CHN_Yunnan_786","MAIN","East_Asia"
787,"Neimenggu","CHN_Neimenggu_787","MAIN","East_Asia"
788,"Shaanxi","CHN_Shaanxi_788","MAIN","East_Asia"
789,"Gansu","CHN_Gansu_789","MAIN","East_Asia"
790,"Qinghai","CHN_Qinghai_790","MAIN","East_Asia"
791,"Ningxia","CHN_Ningxia_791","MAIN","East_Asia"
792,"HongKong","CHN_HongKong_792","MAIN","East_Asia"
793,"Macau","CHN_Macau_793","MAIN","East_Asia"
794,"Xinjiang","CHN_Xinjiang_794","MAIN","East_Asia"
795,"Xizang","CHN_Xizang_795","MAIN","East_Asia"
796,"Cote_dIvoire","CIV_Cote_dIvoire_796","MAIN","Western_Africa"
797,"Cameroon","CMR_Cameroon_797","MAIN","Mid_South_Africa"
798,"Congo_Dem_Rep","COD_Congo_Dem_Rep_798","MAIN","Mid_South_Africa"
799,"Congo","COG_Congo_799","MAIN","Mid_South_Africa"
800,"","COK_Aitutaki_800","ISL","Micronesia_Polynesia"
801,"","COK_Atiu_801","ISL","Micronesia_Polynesia"
802,"","COK_Mangaia_802","ISL","Micronesia_Polynesia"
803,"","COK_Mauke_803","ISL","Micronesia_Polynesia"
804,"","COK_Manuae_804","ISL","Micronesia_Polynesia"
805,"","COK_Manihiki_805","ISL","Micronesia_Polynesia"
806,"","COK_Mitiaro_806","ISL","Micronesia_Polynesia"
807,"","COK_Nassau_807","ISL","Micronesia_Polynesia"
808,"","COK_Palmerston_808","ISL","Micronesia_Polynesia"
809,"","COK_Penrhyn_Tongareva_809","ISL","Micronesia_Polynesia"
810,"","COK_Pukapuka_Cook_810","ISL","Micronesia_Polynesia"
811,"","COK_Rarotonga_811","ISL","Micronesia_Polynesia"
812,"","COK_Rakahanga_812","ISL","Micronesia_Polynesia"
813,"","COK_Suwarrow_813","ISL","Micronesia_Polynesia"
814,"","COK_Takutea_814","ISL","Micronesia_Polynesia"
817,"","CPV_Cape_Verde_817","ISL","Western_Africa"
818,"Costa_Rica","CRI_Costa_Rica_818","MAIN","Central_America_Carib"
819,"","CUB_Cuba_819","ISL","Central_America_Carib"
820,"","CUW_Curacao_820","ISL","South_America"
821,"","AUS_Christmas_Island_821","ISL","Southeast_Asia"
822,"","GBR_Cayman_Islands_822","ISL","Central_America_Carib"
823,"","CYP_Cyprus_823","ISL","Western_Asia"
824,"Czech_Republic","CZE_Czech_Republic_824","MAIN","Eastern_Europe"
826,"Djibouti","DJI_Djibouti_826","MAIN","East_Africa"
827,"","DMA_Dominica_827","ISL","Central_America_Carib"
828,"Denmark","DNK_Denmark_828","MAIN","Europe"
829,"","DOM_Dominican_Republic_829","ISL","Central_America_Carib"
830,"Algeria","DZA_Algeria_830","MAIN","North_Africa"
833,"Egypt","EGY_Egypt_833","MAIN","North_Africa"
834,"Eritrea","ERI_Eritrea_834","MAIN","East_Africa"
836,"","ESP_Balearics_836","ISL","Europe"
838,"Estonia","EST_Estonia_838","MAIN","Europe"
839,"Ethiopia","ETH_Ethiopia_839","MAIN","East_Africa"
840,"Finland","FIN_Finland_840","MAIN","Europe"
841,"","FJI_Aiwa_841","ISL","Micronesia_Polynesia"
842,"","FJI_Lakeba_842","ISL","Micronesia_Polynesia"
843,"","FJI_Nasoata_843","ISL","Oceania"
844,"","FJI_Nayau_844","ISL","Micronesia_Polynesia"
845,"","FJI_Rotuma_845","ISL","Oceania"
847,"","FRA_Crozet_Island_847","ISL","Mid_South_Africa"
848,"","FRA_Clipperton_Island_848","ISL","Central_America_Carib"
849,"","FRA_Corsica_849","ISL","Europe"
850,"","FRA_Kerguelen_850","ISL","Mid_South_Africa"
851,"","FRO_Faroe_Islands_851","ISL","Europe"
852,"Gabon","GAB_Gabon_852","MAIN","Mid_South_Africa"
853,"","GBR_Diego_Garcia_853","ISL","Southern_Asia"
858,"Georgia_Republic","GEO_Georgia_Republic_858","MAIN","Western_Asia"
859,"Ghana","GHA_Ghana_859","MAIN","Western_Africa"
860,"Guinea","GIN_Guinea_860","MAIN","Western_Africa"
861,"","GLP_Maria_Galante_861","ISL","Central_America_Carib"
862,"East","GNB_East_862","MAIN","Western_Africa"
863,"North","GNB_North_863","MAIN","Western_Africa"
864,"South","GNB_South_864","MAIN","Western_Africa"
865,"Greece","GRC_Greece_865","MAIN","Europe"
866,"","GRD_Grenada_866","ISL","Central_America_Carib"
868,"French_Guiana","GUF_French_Guiana_868","MAIN","South_America"
869,"","USA_Guam_869","ISL","Micronesia_Polynesia"
870,"Guyana","GUY_Guyana_870","MAIN","South_America"
871,"","HMD_Heard_Island_871","ISL","Mid_South_Africa"
873,"Croatia","HRV_Croatia_873","MAIN","Europe"
874,"","HTI_Gonave_874","ISL","Central_America_Carib"
875,"","HTI_Tortue_875","ISL","Central_America_Carib"
876,"Hungary","HUN_Hungary_876","MAIN","Eastern_Europe"
879,"","IND_Andaman_and_Nicobar_879","ISL","Southeast_Asia"
880,"Andhra_Pradesh","IND_Andhra_Pradesh_880","MAIN","Southern_Asia"
881,"Aruchanal_Pradesh","IND_Aruchanal_Pradesh_881","MAIN","Southern_Asia"
882,"Assam","IND_Assam_882","MAIN","Southern_Asia"
883,"Bihar","IND_Bihar_883","MAIN","Southern_Asia"
884,"Chandigarh","IND_Chandigarh_884","MAIN","Southern_Asia"
885,"Chhattisgarh","IND_Chhattisgarh_885","MAIN","Southern_Asia"
886,"Delhi","IND_Delhi_886","MAIN","Southern_Asia"
887,"Goa","IND_Goa_887","MAIN","Southern_Asia"
888,"Gujarat","IND_Gujarat_888","MAIN","Southern_Asia"
889,"Haryana","IND_Haryana_889","MAIN","Southern_Asia"
890,"Himachal_Pradesh","IND_Himachal_Pradesh_890","MAIN","Southern_Asia"
891,"Jammu_and_Kashmir","IND_Jammu_and_Kashmir_891","MAIN","Southern_Asia"
892,"Jharkhand","IND_Jharkhand_892","MAIN","Southern_Asia"
893,"Karnataka","IND_Karnataka_893","MAIN","Southern_Asia"
894,"Kerala","IND_Kerala_894","MAIN","Southern_Asia"
895,"","IND_Lakshadweep_895","ISL","Southern_Asia"
896,"Maharashtra","IND_Maharashtra_896","MAIN","Southern_Asia"
897,"Manipur","IND_Manipur_897","MAIN","Southern_Asia"
898,"Madhya_Pradesh","IND_Madhya_Pradesh_898","MAIN","Southern_Asia"
899,"Meghalaya","IND_Meghalaya_899","MAIN","Southern_Asia"
900,"Mizoram","IND_Mizoram_900","MAIN","Southern_Asia"
901,"Nagaland","IND_Nagaland_901","MAIN","Southern_Asia"
902,"Odisha_Orissa","IND_Odisha_Orissa_902","MAIN","Southern_Asia"
903,"Puducherry","IND_Puducherry_903","MAIN","Southern_Asia"
904,"Punjab","IND_Punjab_904","MAIN","Southern_Asia"
905,"Rajasthan","IND_Rajasthan_905","MAIN","Southern_Asia"
906,"Sikkim","IND_Sikkim_906","MAIN","Southern_Asia"
907,"Tamil_Nadu","IND_Tamil_Nadu_907","MAIN","Southern_Asia"
908,"Tripura","IND_Tripura_908","MAIN","Southern_Asia"
909,"Uttarakhand","IND_Uttarakhand_909","MAIN","Southern_Asia"
910,"Uttar_Pradesh","IND_Uttar_Pradesh_910","MAIN","Southern_Asia"
911,"West_Bengal","IND_West_Bengal_911","MAIN","Southern_Asia"
912,"","IRL_Ireland_912","ISL","Europe"
913,"","ISL_Austurland_913","ISL","Europe"
914,"","ISL_Iceland_IMI_914","ISL","Europe"
915,"","ISL_Nordurland_915","ISL","Europe"
916,"","ISL_Westfjords_916","ISL","Europe"
917,"","ISL_Sudurland_917","ISL","Europe"
918,"","ISL_Vesturland_918","ISL","Europe"
919,"Israel","ISR_Israel_919","MAIN","Western_Asia"
921,"","ITA_Sardinia_921","ISL","Europe"
922,"","ITA_Sicily_922","ISL","Europe"
923,"","JAM_Jamaica_923","ISL","Central_America_Carib"
925,"","JPN_Japan_925","ISL","Central_Asia"
926,"Kenya","KEN_Kenya_926","MAIN","East_Africa"
927,"Kyrgyzstan","KGZ_Kyrgyzstan_927","MAIN","Central_Asia"
928,"","KIR_Kiritimati_928","ISL","Micronesia_Polynesia"
929,"","KIR_Palmyra_929","ISL","Micronesia_Polynesia"
930,"","KIR_Canton_930","ISL","Micronesia_Polynesia"
931,"","KIR_Enderbury_931","ISL","Micronesia_Polynesia"
932,"","KIR_Gardner_932","ISL","Micronesia_Polynesia"
933,"","KIR_Hull_933","ISL","Micronesia_Polynesia"
934,"","KIR_McKean_934","ISL","Micronesia_Polynesia"
935,"","KIR_Sydney_935","ISL","Micronesia_Polynesia"
936,"","KIR_Tabuaeran_936","ISL","Micronesia_Polynesia"
937,"","KIR_Teraina_937","ISL","Micronesia_Polynesia"
938,"","KNA_Saint_Kitts_938","ISL","Central_America_Carib"
939,"","KNA_Nevis_939","ISL","Central_America_Carib"
940,"South_Korea","KOR_South_Korea_940","MAIN","East_Asia"
941,"Laos","LAO_Laos_941","MAIN","Southeast_Asia"
942,"Liberia","LBR_Liberia_942","MAIN","Western_Africa"
943,"Libya","LBY_Libya_943","MAIN","North_Africa"
944,"","LCA_St_Lucia_944","ISL","Central_America_Carib"
945,"Liechtenstein","LIE_Liechtenstein_945","MAIN","Europe"
946,"","LKA_Sri_Lanka_946","ISL","Southern_Asia"
947,"Lesotho","LSO_Lesotho_947","MAIN","Mid_South_Africa"
948,"Lithuania","LTU_Lithuania_948","MAIN","Europe"
949,"Luxemburg","LUX_Luxemburg_949","MAIN","Europe"
950,"Latvia","LVA_Latvia_950","MAIN","Europe"
951,"Morocco","MAR_Morocco_951","MAIN","North_Africa"
952,"Moldova","MDA_Moldova_952","MAIN","Eastern_Europe"
953,"","MDG_Madagascar_953","ISL","East_Africa"
954,"Aguascalientes","MEX_Aguascalientes_954","MAIN","Central_America_Carib"
955,"Baja_California_Norte","MEX_Baja_California_Norte_955","MAIN","Central_America_Carib"
956,"Baja_California_Sur","MEX_Baja_California_Sur_956","MAIN","Central_America_Carib"
957,"Campeche","MEX_Campeche_957","MAIN","Central_America_Carib"
958,"Chihuahua","MEX_Chihuahua_958","MAIN","Central_America_Carib"
959,"Chiapas","MEX_Chiapas_959","MAIN","Central_America_Carib"
960,"Coahuila","MEX_Coahuila_960","MAIN","Central_America_Carib"
961,"Colima","MEX_Colima_961","MAIN","Central_America_Carib"
962,"Distrito_Federal","MEX_Distrito_Federal_962","MAIN","Central_America_Carib"
963,"Durango","MEX_Durango_963","MAIN","Central_America_Carib"
964,"Guerrero","MEX_Guerrero_964","MAIN","Central_America_Carib"
965,"Guanajuato","MEX_Guanajuato_965","MAIN","Central_America_Carib"
966,"Hidalgo","MEX_Hidalgo_966","MAIN","Central_America_Carib"
967,"Jalisco","MEX_Jalisco_967","MAIN","Central_America_Carib"
969,"Michoacan","MEX_Michoacan_969","MAIN","Central_America_Carib"
970,"Morelos","MEX_Morelos_970","MAIN","Central_America_Carib"
971,"Nayarit","MEX_Nayarit_971","MAIN","Central_America_Carib"
972,"Nuevo_Leon","MEX_Nuevo_Leon_972","MAIN","Central_America_Carib"
973,"Oaxaca","MEX_Oaxaca_973","MAIN","Central_America_Carib"
974,"Puebla","MEX_Puebla_974","MAIN","Central_America_Carib"
975,"Queretaro","MEX_Queretaro_975","MAIN","Central_America_Carib"
976,"Quintana_Roo","MEX_Quintana_Roo_976","MAIN","Central_America_Carib"
977,"Sinaloa","MEX_Sinaloa_977","MAIN","Central_America_Carib"
978,"San_Luis_Potosi","MEX_San_Luis_Potosi_978","MAIN","Central_America_Carib"
979,"","MEX_Socorro_979","ISL","Central_America_Carib"
980,"Sonora","MEX_Sonora_980","MAIN","Central_America_Carib"
981,"Tabasco","MEX_Tabasco_981","MAIN","Central_America_Carib"
982,"Tamaulipas","MEX_Tamaulipas_982","MAIN","Central_America_Carib"
983,"Tlaxcala","MEX_Tlaxcala_983","MAIN","Central_America_Carib"
984,"Veracruz","MEX_Veracruz_984","MAIN","Central_America_Carib"
985,"Yucatan","MEX_Yucatan_985","MAIN","Central_America_Carib"
986,"Zacatecas","MEX_Zacatecas_986","MAIN","Central_America_Carib"
987,"","MHL_Ailinginae_987","ISL","Micronesia_Polynesia"
988,"","MHL_Enewetak_988","ISL","Micronesia_Polynesia"
989,"","MHL_Majuro_989","ISL","Micronesia_Polynesia"
990,"","MHL_Rongelap_990","ISL","Micronesia_Polynesia"
991,"Macedonia","MKD_Macedonia_991","MAIN","Europe"
992,"Mali","MLI_Mali_992","MAIN","Western_Africa"
993,"","MLT_Malta_993","ISL","Europe"
994,"","USA_Alamagan_994","ISL","Micronesia_Polynesia"
995,"","USA_Agrihan_995","ISL","Micronesia_Polynesia"
996,"","USA_Asuncion_996","ISL","Micronesia_Polynesia"
997,"","USA_Aguijan_997","ISL","Micronesia_Polynesia"
998,"","USA_Anatahan_998","ISL","Micronesia_Polynesia"
999,"","USA_Farallon_de_Pajaros_999","ISL","Micronesia_Polynesia"
1000,"","USA_Guguan_1000","ISL","Micronesia_Polynesia"
1001,"","USA_Maug_Islands_1001","ISL","Micronesia_Polynesia"
1002,"","USA_Pagan_1002","ISL","Micronesia_Polynesia"
1003,"","USA_Rota_1003","ISL","Micronesia_Polynesia"
1004,"","USA_Sarigan_1004","ISL","Micronesia_Polynesia"
1005,"","USA_Saipan_1005","ISL","Micronesia_Polynesia"
1006,"","USA_Tinian_1006","ISL","Micronesia_Polynesia"
1007,"Niassa","MOZ_Niassa_1007","MAIN","East_Africa"
1008,"Manica","MOZ_Manica_1008","MAIN","East_Africa"
1009,"Gaza","MOZ_Gaza_1009","MAIN","East_Africa"
1010,"Inhambane","MOZ_Inhambane_1010","MAIN","East_Africa"
1011,"Maputo","MOZ_Maputo_1011","MAIN","East_Africa"
1012,"Nampula","MOZ_Nampula_1012","MAIN","East_Africa"
1013,"Cabo_Delgado","MOZ_Cabo_Delgado_1013","MAIN","East_Africa"
1014,"Zambezia","MOZ_Zambezia_1014","MAIN","East_Africa"
1015,"Sofala","MOZ_Sofala_1015","MAIN","East_Africa"
1016,"Tete","MOZ_Tete_1016","MAIN","East_Africa"
1017,"Mauritania","MRT_Mauritania_1017","MAIN","Western_Africa"
1018,"","GBR_Montserrat_1018","ISL","Central_America_Carib"
1019,"","FRA_Martinique_1019","ISL","Central_America_Carib"
1021,"Malawi","MWI_Malawi_1021","MAIN","East_Africa"
1022,"Penninsular_Malaysia","MYS_Penninsular_Malaysia_1022","MAIN","Southeast_Asia"
1023,"Namibia","NAM_Namibia_1023","MAIN","Mid_South_Africa"
1024,"","FRA_New_Caledonia_1024","ISL","Oceania"
1025,"Niger","NER_Niger_1025","MAIN","Western_Africa"
1026,"","NZL_Norfolk_Island_1026","ISL","Oceania"
1027,"Nigeria","NGA_Nigeria_1027","MAIN","Western_Africa"
1028,"Nicaragua","NIC_Nicaragua_1028","MAIN","Central_America_Carib"
1029,"Netherlands","NLD_Netherlands_1029","MAIN","Europe"
1030,"Norway","NOR_Norway_1030","MAIN","Europe"
1031,"","NOR_Jan_Mayen_1031","ISL","Europe"
1032,"","NOR_Svalbard_1032","ISL","Europe"
1033,"Nepal","NPL_Nepal_1033","MAIN","Southern_Asia"
1034,"","NRU_Nauru_1034","ISL","Micronesia_Polynesia"
1036,"","NZL_Auckland_Islands_1036","ISL","Oceania"
1037,"","NZL_Chatham_Islands_1037","ISL","Micronesia_Polynesia"
1068,"Peru","PER_Peru_1068","MAIN","South_America"
1069,"","PHL_Philippines_1069","ISL","Southeast_Asia"
1070,"Poland","POL_Poland_1070","MAIN","Eastern_Europe"
1071,"","USA_Puerto_Rico_1071","ISL","Central_America_Carib"
1072,"North_Korea","PRK_North_Korea_1072","MAIN","East_Asia"
1075,"","PRT_Desertas_1075","ISL","Europe"
1076,"","PRT_Madeira_1076","ISL","Europe"
1077,"","PRT_Porto_Santo_1077","ISL","Europe"
1078,"","PRT_Salvage_Islands_1078","ISL","Europe"
1079,"","PYF_Agakauitai_1079","ISL","Micronesia_Polynesia"
1081,"","FRA_Maria_Australes_1081","ISL","Micronesia_Polynesia"
1082,"","FRA_Raivavae_1082","ISL","Micronesia_Polynesia"
1083,"","FRA_Rimatara_1083","ISL","Micronesia_Polynesia"
1084,"","FRA_Rurutu_1084","ISL","Micronesia_Polynesia"
1085,"","FRA_Tubuai_1085","ISL","Micronesia_Polynesia"
1086,"","PYF_Bellingshausen_1086","ISL","Micronesia_Polynesia"
1087,"","PYF_Rapa_1087","ISL","Micronesia_Polynesia"
1088,"","FRA_Akamaru_1088","ISL","Micronesia_Polynesia"
1089,"","FRA_Aukena_1089","ISL","Micronesia_Polynesia"
1092,"","FRA_Mangareva_1092","ISL","Micronesia_Polynesia"
1093,"","FRA_Taravai_1093","ISL","Micronesia_Polynesia"
1094,"","FRA_Tauna_1094","ISL","Micronesia_Polynesia"
1095,"","FRA_Tekava_1095","ISL","Micronesia_Polynesia"
1096,"","FRA_Temoe_1096","ISL","Micronesia_Polynesia"
1097,"","FRA_Tarauru_Roa_1097","ISL","Micronesia_Polynesia"
1098,"","PYF_Henderson_1098","ISL","Micronesia_Polynesia"
1099,"","FRA_Eiao_1099","ISL","Micronesia_Polynesia"
1100,"","FRA_Fatu_Hiva_1100","ISL","Micronesia_Polynesia"
1101,"","FRA_Fatu_Huku_1101","ISL","Micronesia_Polynesia"
1102,"","FRA_Hatutaa_1102","ISL","Micronesia_Polynesia"
1103,"","FRA_Hiva_Oa_1103","ISL","Micronesia_Polynesia"
1104,"","FRA_Mohotani_1104","ISL","Micronesia_Polynesia"
1105,"","FRA_Nuku_Hiva_1105","ISL","Micronesia_Polynesia"
1106,"","FRA_Tahuata_1106","ISL","Micronesia_Polynesia"
1107,"","FRA_Ua_Huka_1107","ISL","Micronesia_Polynesia"
1108,"","FRA_Ua_Pou_1108","ISL","Micronesia_Polynesia"
1109,"","PYF_Oeno_1109","ISL","Micronesia_Polynesia"
1110,"","GBR_Pitcairn_Island_1110","ISL","Micronesia_Polynesia"
1111,"","PYF_Bora_Bora_1111","ISL","Micronesia_Polynesia"
1112,"","PYF_Huahine_1112","ISL","Micronesia_Polynesia"
1113,"","PYF_Maiao_1113","ISL","Micronesia_Polynesia"
1114,"","PYF_Maupiti_1114","ISL","Micronesia_Polynesia"
1115,"","PYF_Mehetia_1115","ISL","Micronesia_Polynesia"
1116,"","PYF_Moorea_1116","ISL","Micronesia_Polynesia"
1117,"","PYF_Mopelia_1117","ISL","Micronesia_Polynesia"
1118,"","PYF_Raiatea_1118","ISL","Micronesia_Polynesia"
1119,"","PYF_Tahaa_1119","ISL","Micronesia_Polynesia"
1120,"","PYF_Tetiaroa_1120","ISL","Micronesia_Polynesia"
1121,"","PYF_Tahiti_1121","ISL","Micronesia_Polynesia"
1122,"","PYF_Tupai_1122","ISL","Micronesia_Polynesia"
1126,"","FRA_Fakahina_1126","ISL","Micronesia_Polynesia"
1127,"","FRA_Fangataufa_1127","ISL","Micronesia_Polynesia"
1128,"","FRA_Hao_1128","ISL","Micronesia_Polynesia"
1130,"","FRA_Kaukura_1130","ISL","Micronesia_Polynesia"
1132,"","FRA_Makatea_1132","ISL","Micronesia_Polynesia"
1133,"","FRA_Manihi_1133","ISL","Micronesia_Polynesia"
1134,"","FRA_Matureivavao_1134","ISL","Micronesia_Polynesia"
1135,"","FRA_Moruroa_1135","ISL","Micronesia_Polynesia"
1138,"","FRA_Niau_1138","ISL","Micronesia_Polynesia"
1139,"","FRA_Rangiroa_1139","ISL","Micronesia_Polynesia"
1140,"","FRA_Taiaro_1140","ISL","Micronesia_Polynesia"
1141,"","FRA_Tenararo_1141","ISL","Micronesia_Polynesia"
1142,"","FRA_Tenarunga_1142","ISL","Micronesia_Polynesia"
1143,"","FRA_Tikehau_1143","ISL","Micronesia_Polynesia"
1144,"","FRA_Takapoto_1144","ISL","Micronesia_Polynesia"
1146,"","FRA_Tepoto_Nord_1146","ISL","Micronesia_Polynesia"
1147,"","FRA_Toau_1147","ISL","Micronesia_Polynesia"
1148,"","FRA_Vahanga_1148","ISL","Micronesia_Polynesia"
1149,"Qatar","QAT_Qatar_1149","MAIN","Western_Asia"
1150,"Romania","ROU_Romania_1150","MAIN","Eastern_Europe"
1151,"Khabarovsk","RUS_Khabarovsk_1151","MAIN","Eastern_Europe"
1152,"","RUS_Anuchina_1152","ISL","Eastern_Europe"
1153,"","RUS_Demina_1153","ISL","Eastern_Europe"
1154,"","RUS_Ekarma_1154","ISL","Eastern_Europe"
1155,"","RUS_Iturup_1155","ISL","Eastern_Europe"
1156,"","RUS_Ketoi_1156","ISL","Eastern_Europe"
1157,"","RUS_Kharimkotan_1157","ISL","Eastern_Europe"
1158,"","RUS_Kunashir_1158","ISL","Eastern_Europe"
1159,"","RUS_Makanrushi_1159","ISL","Eastern_Europe"
1160,"","RUS_Matuwa_1160","ISL","Eastern_Europe"
1161,"","RUS_Paramushir_1161","ISL","Eastern_Europe"
1162,"","RUS_Polonskogo_1162","ISL","Eastern_Europe"
1163,"","RUS_Shimushir_1163","ISL","Eastern_Europe"
1164,"","RUS_Shikotan_1164","ISL","Eastern_Europe"
1165,"","RUS_Shumushu_1165","ISL","Eastern_Europe"
1166,"","RUS_Storozhevoy_1166","ISL","Eastern_Europe"
1167,"","RUS_Tanfilyeva_1167","ISL","Eastern_Europe"
1168,"","RUS_Urup_1168","ISL","Eastern_Europe"
1169,"","RUS_Ushishir_1169","ISL","Eastern_Europe"
1170,"","RUS_Iuriy_1170","ISL","Eastern_Europe"
1171,"","RUS_Zelenyj_1171","ISL","Eastern_Europe"
1172,"Leningrad_District","RUS_Leningrad_District_1172","MAIN","Eastern_Europe"
1173,"Lipetzk_District","RUS_Lipetzk_District_1173","MAIN","Eastern_Europe"
1174,"Republic_of_Mordovia","RUS_Republic_of_Mordovia_1174","MAIN","Eastern_Europe"
1175,"Moscow_District","RUS_Moscow_District_1175","MAIN","Eastern_Europe"
1176,"Ryazan_District","RUS_Ryazan_District_1176","MAIN","Eastern_Europe"
1178,"Altai_Republic","RUS_Altai_Republic_1178","MAIN","Eastern_Europe"
1179,"Irkutsk_Oblast","RUS_Irkutsk_Oblast_1179","MAIN","Eastern_Europe"
1181,"Kemerovo_Region","RUS_Kemerovo_Region_1181","MAIN","Eastern_Europe"
1183,"Omsk_Region","RUS_Omsk_Region_1183","MAIN","Eastern_Europe"
1184,"Republic_of_Buryatia","RUS_Republic_of_Buryatia_1184","MAIN","Eastern_Europe"
1185,"Republic_of_Khakassia","RUS_Republic_of_Khakassia_1185","MAIN","Eastern_Europe"
1186,"Republic_of_Tyva","RUS_Republic_of_Tyva_1186","MAIN","Eastern_Europe"
1187,"Tomsk_Oblast","RUS_Tomsk_Oblast_1187","MAIN","Eastern_Europe"
1188,"Zabaykalsky_Krai","RUS_Zabaykalsky_Krai_1188","MAIN","Eastern_Europe"
1189,"Tula","RUS_Tula_1189","MAIN","Eastern_Europe"
1190,"Tver_District","RUS_Tver_District_1190","MAIN","Eastern_Europe"
1191,"Voronezh_District","RUS_Voronezh_District_1191","MAIN","Eastern_Europe"
1192,"Rwanda","RWA_Rwanda_1192","MAIN","East_Africa"
1193,"Saudi_Arabia","SAU_Saudi_Arabia_1193","MAIN","Western_Asia"
1195,"Senegal","SEN_Senegal_1195","MAIN","Western_Africa"
1196,"","SGP_Singapore_1196","ISL","Southeast_Asia"
1197,"","GBR_South_Georgia_Islands_1197","ISL","South_America"
1198,"","GBR_Gough_Island_1198","ISL","Mid_South_Africa"
1199,"","GBR_Inaccessible_Island_1199","ISL","Mid_South_Africa"
1200,"","GBR_Nightingale_1200","ISL","Mid_South_Africa"
1201,"","GBR_Tristan_da_Cunha_1201","ISL","Mid_South_Africa"
1202,"Sierra_Leone","SLE_Sierra_Leone_1202","MAIN","Western_Africa"
1203,"Somalia","SOM_Somalia_1203","MAIN","East_Africa"
1204,"","FRA_St_Pierre_and_Miquelon_1204","ISL","Northern_North_America"
1205,"","STP_Sao_Tome_and_Principe_1205","ISL","Mid_South_Africa"
1206,"Suriname","SUR_Suriname_1206","MAIN","South_America"
1207,"Slovakia","SVK_Slovakia_1207","MAIN","Eastern_Europe"
1208,"Slovenia","SVN_Slovenia_1208","MAIN","Europe"
1209,"Sweden","SWE_Sweden_1209","MAIN","Europe"
1210,"Swaziland","SWZ_Swaziland_1210","MAIN","Mid_South_Africa"
1212,"","SYC_African_Banks_1212","ISL","East_Africa"
1213,"","SYC_Aldabra_1213","ISL","East_Africa"
1214,"","SYC_Alphonse_1214","ISL","East_Africa"
1215,"","SYC_Aride_1215","ISL","East_Africa"
1216,"","SYC_Assumption_1216","ISL","East_Africa"
1217,"","SYC_Astove_1217","ISL","East_Africa"
1218,"","SYC_Bird_1218","ISL","East_Africa"
1219,"","SYC_Booby_Island_1219","ISL","East_Africa"
1220,"","SYC_Cocos_1220","ISL","East_Africa"
1221,"","SYC_Coetivy_1221","ISL","East_Africa"
1222,"","SYC_Conception_1222","ISL","East_Africa"
1223,"","SYC_Cosmoledo_1223","ISL","East_Africa"
1224,"","SYC_Cousin_1224","ISL","East_Africa"
1225,"","SYC_Cousine_1225","ISL","East_Africa"
1226,"","SYC_Curieuse_1226","ISL","East_Africa"
1227,"","SYC_Darros_1227","ISL","East_Africa"
1228,"","SYC_Denis_1228","ISL","East_Africa"
1229,"","SYC_Desroches_1229","ISL","East_Africa"
1230,"","SYC_Desnoefs_1230","ISL","East_Africa"
1231,"","SYC_Farquhar_1231","ISL","East_Africa"
1232,"","SYC_Felicite_1232","ISL","East_Africa"
1233,"","SYC_Fregate_1233","ISL","East_Africa"
1234,"","SYC_Grande_Soeur_1234","ISL","East_Africa"
1235,"","SYC_Ile_au_Cerf_1235","ISL","East_Africa"
1236,"","SYC_Ile_Anonyme_1236","ISL","East_Africa"
1237,"","SYC_Ile_Longue_1237","ISL","East_Africa"
1238,"","SYC_Ile_St_Anne_1238","ISL","East_Africa"
1239,"","SYC_Ile_aux_Vaches_Marines_1239","ISL","East_Africa"
1240,"","SYC_La_Digue_1240","ISL","East_Africa"
1241,"","SYC_Mahe_1241","ISL","East_Africa"
1242,"","SYC_Marianne_1242","ISL","East_Africa"
1243,"","SYC_Marie_Louise_1243","ISL","East_Africa"
1244,"","SYC_North_Island_1244","ISL","East_Africa"
1245,"","SYC_Platte_1245","ISL","East_Africa"
1246,"","SYC_Poivre_1246","ISL","East_Africa"
1247,"","SYC_Praslin_1247","ISL","East_Africa"
1248,"","SYC_Providence_1248","ISL","East_Africa"
1249,"","SYC_Petit_Soeur_1249","ISL","East_Africa"
1250,"","SYC_Recifs_1250","ISL","East_Africa"
1251,"","SYC_Remire_1251","ISL","East_Africa"
1252,"","SYC_St_Francois_1252","ISL","East_Africa"
1253,"","SYC_Silhouette_1253","ISL","East_Africa"
1254,"","SYC_St_Joseph_1254","ISL","East_Africa"
1255,"","SYC_St_Pierre_1255","ISL","East_Africa"
1256,"","SYC_Therese_1256","ISL","East_Africa"
1257,"Chaparal","CHL_Chaparal_1257","MAIN","South_America"
1258,"Togo","TGO_Togo_1258","MAIN","Western_Africa"
1259,"Thailand","THA_Thailand_1259","MAIN","Southeast_Asia"
1260,"","TON_Tonga_1260","ISL","Micronesia_Polynesia"
1261,"Tunisia","TUN_Tunisia_1261","MAIN","North_Africa"
1263,"","TWN_Taiwan_1263","ISL","East_Asia"
1264,"Tanzania","TZA_Tanzania_1264","MAIN","East_Africa"
1265,"Uganda","UGA_Uganda_1265","MAIN","East_Africa"
1266,"Ukraine","UKR_Ukraine_1266","MAIN","Eastern_Europe"
1267,"Uruguay","URY_Uruguay_1267","MAIN","South_America"
1268,"Alaska","USA_Alaska_1268","MAIN","Northern_North_America"
1269,"Alabama","USA_Alabama_1269","MAIN","Mid_North_America"
1270,"Arkansas","USA_Arkansas_1270","MAIN","Mid_North_America"
1271,"Arizona","USA_Arizona_1271","MAIN","Mid_North_America"
1272,"California","USA_California_1272","MAIN","Mid_North_America"
1273,"Colorado","USA_Colorado_1273","MAIN","Mid_North_America"
1274,"Connecticut","USA_Connecticut_1274","MAIN","Mid_North_America"
1275,"Washington_DC","USA_Washington_DC_1275","MAIN","Mid_North_America"
1276,"Delaware","USA_Delaware_1276","MAIN","Mid_North_America"
1277,"Florida","USA_Florida_1277","MAIN","Mid_North_America"
1278,"Georgia","USA_Georgia_1278","MAIN","Mid_North_America"
1280,"Iowa","USA_Iowa_1280","MAIN","Mid_North_America"
1281,"Idaho","USA_Idaho_1281","MAIN","Mid_North_America"
1282,"Illinois","USA_Illinois_1282","MAIN","Mid_North_America"
1283,"Indiana","USA_Indiana_1283","MAIN","Mid_North_America"
1284,"","USA_Johnston_Island_1284","ISL","Micronesia_Polynesia"
1285,"Kansas","USA_Kansas_1285","MAIN","Mid_North_America"
1286,"Kentucky","USA_Kentucky_1286","MAIN","Mid_North_America"
1287,"Louisiana","USA_Louisiana_1287","MAIN","Mid_North_America"
1288,"Massachusetts","USA_Massachusetts_1288","MAIN","Mid_North_America"
1289,"Maryland","USA_Maryland_1289","MAIN","Mid_North_America"
1290,"Maine","USA_Maine_1290","MAIN","Mid_North_America"
1291,"Michigan","USA_Michigan_1291","MAIN","Mid_North_America"
1292,"Minnesota","USA_Minnesota_1292","MAIN","Mid_North_America"
1293,"Missouri","USA_Missouri_1293","MAIN","Mid_North_America"
1294,"Mississippi","USA_Mississippi_1294","MAIN","Mid_North_America"
1295,"Montana","USA_Montana_1295","MAIN","Mid_North_America"
1296,"North_Carolina","USA_North_Carolina_1296","MAIN","Mid_North_America"
1297,"North_Dakota","USA_North_Dakota_1297","MAIN","Mid_North_America"
1298,"Nebraska","USA_Nebraska_1298","MAIN","Mid_North_America"
1299,"New_Hampshire","USA_New_Hampshire_1299","MAIN","Mid_North_America"
1300,"","USA_Navassa_1300","ISL","Central_America_Carib"
1301,"New_Jersey","USA_New_Jersey_1301","MAIN","Mid_North_America"
1302,"New_Mexico","USA_New_Mexico_1302","MAIN","Mid_North_America"
1303,"Nevada","USA_Nevada_1303","MAIN","Mid_North_America"
1304,"New_York","USA_New_York_1304","MAIN","Mid_North_America"
1305,"Ohio","USA_Ohio_1305","MAIN","Mid_North_America"
1306,"Oklahoma","USA_Oklahoma_1306","MAIN","Mid_North_America"
1307,"Oregon","USA_Oregon_1307","MAIN","Mid_North_America"
1308,"Pennsylvania","USA_Pennsylvania_1308","MAIN","Mid_North_America"
1309,"Rhode_Island","USA_Rhode_Island_1309","MAIN","Mid_North_America"
1310,"South_Carolina","USA_South_Carolina_1310","MAIN","Mid_North_America"
1311,"South_Dakota","USA_South_Dakota_1311","MAIN","Mid_North_America"
1312,"Tennessee","USA_Tennessee_1312","MAIN","Mid_North_America"
1313,"Texas","USA_Texas_1313","MAIN","Mid_North_America"
1314,"Utah","USA_Utah_1314","MAIN","Mid_North_America"
1315,"Virginia","USA_Virginia_1315","MAIN","Mid_North_America"
1317,"Vermont","USA_Vermont_1317","MAIN","Mid_North_America"
1318,"Washington","USA_Washington_1318","MAIN","Mid_North_America"
1319,"Wisconsin","USA_Wisconsin_1319","MAIN","Mid_North_America"
1320,"West_Virginia","USA_West_Virginia_1320","MAIN","Mid_North_America"
1321,"Wyoming","USA_Wyoming_1321","MAIN","Mid_North_America"
1322,"","VCT_The_Grenadines_1322","ISL","Central_America_Carib"
1323,"","VCT_Saint_Vincent_1323","ISL","Central_America_Carib"
1324,"Venezuela","VEN_Venezuela_1324","MAIN","South_America"
1325,"","GBR_Anegada_1325","ISL","Central_America_Carib"
1326,"","GBR_Guana_Island_1326","ISL","Central_America_Carib"
1327,"","GBR_Jost_van_Dyke_1327","ISL","Central_America_Carib"
1328,"","GBR_Tortola_1328","ISL","Central_America_Carib"
1329,"","GBR_Virgin_Gorda_1329","ISL","Central_America_Carib"
1330,"","WSM_Fanuatapu_1330","ISL","Micronesia_Polynesia"
1331,"","WSM_Namua_1331","ISL","Micronesia_Polynesia"
1332,"","WSM_Nuulua_1332","ISL","Micronesia_Polynesia"
1333,"","WSM_Nuutele_1333","ISL","Micronesia_Polynesia"
1334,"Yemen","YEM_Yemen_1334","MAIN","Western_Asia"
1335,"Eastern_Cape","ZAF_Eastern_Cape_1335","MAIN","Mid_South_Africa"
1336,"Free_State","ZAF_Free_State_1336","MAIN","Mid_South_Africa"
1337,"Gauteng","ZAF_Gauteng_1337","MAIN","Mid_South_Africa"
1338,"KwaZulu_Natal","ZAF_KwaZulu_Natal_1338","MAIN","Mid_South_Africa"
1339,"Limpopo","ZAF_Limpopo_1339","MAIN","Mid_South_Africa"
1340,"","ZAF_Marion_Island_1340","ISL","Mid_South_Africa"
1341,"Mpumalanga","ZAF_Mpumalanga_1341","MAIN","Mid_South_Africa"
1342,"Northern_Cape","ZAF_Northern_Cape_1342","MAIN","Mid_South_Africa"
1343,"North_West","ZAF_North_West_1343","MAIN","Mid_South_Africa"
1344,"","ZAF_Prince_Edward_Island_Group_1344","ISL","Mid_South_Africa"
1345,"Western_Cape","ZAF_Western_Cape_1345","MAIN","Mid_South_Africa"
1346,"Central","ZMB_Central_1346","MAIN","East_Africa"
1347,"Copperbelt","ZMB_Copperbelt_1347","MAIN","East_Africa"
1348,"Eastern","ZMB_Eastern_1348","MAIN","East_Africa"
1349,"Luapula","ZMB_Luapula_1349","MAIN","East_Africa"
1350,"Lusaka","ZMB_Lusaka_1350","MAIN","East_Africa"
1351,"Northern","ZMB_Northern_1351","MAIN","East_Africa"
1352,"North_Western","ZMB_North_Western_1352","MAIN","East_Africa"
1353,"Southern","ZMB_Southern_1353","MAIN","East_Africa"
1354,"Western","ZMB_Western_1354","MAIN","East_Africa"
1355,"Central_region","ZWE_Central_region_1355","MAIN","East_Africa"
1356,"Eastern_region","ZWE_Eastern_region_1356","MAIN","East_Africa"
1357,"Northern_region","ZWE_Northern_region_1357","MAIN","East_Africa"
1358,"Southern_region","ZWE_Southern_region_1358","MAIN","East_Africa"
1359,"Western_region","ZWE_Western_region_1359","MAIN","East_Africa"
1360,"Spain_mainland","ESP_Spain_mainland_1360","MAIN","Europe"
1361,"Portugal_mainland","PRT_Portugal_mainland_1361","MAIN","Europe"
1362,"France_mainland","FRA_France_mainland_1362","MAIN","Europe"
1389,"Mayotte","FRA.MAY_Mayotte_1389","ISL","East_Africa"
1393,"Guadeloupe","GLP_Guadeloupe_1393","ISL","Central_America_Carib"
1400,"Maldives","MDV_Maldives_1400","ISL","Southern_Asia"
1402,"Department of Amazonas, Colombia","COL.AMA_Department of Amazonas, Colombia_1402","MAIN","South_America"
1404,"Department of Vichada, Colombia","COL.VIC_Department of Vichada, Colombia_1404","MAIN","South_America"
1405,"Department of Caquet, Colombia","COL.CAQ_Department of Caquet, Colombia_1405","MAIN","South_America"
1406,"Department of Meta, Colombia","COL.MET_Department of Meta, Colombia_1406","MAIN","South_America"
1409,"Department of Guaina, Colombia","COL.GUA_Department of Guaina, Colombia_1409","MAIN","South_America"
1412,"Department of Antioquia, Colombia","COL.ANT_Department of Antioquia, Colombia_1412","MAIN","South_America"
1413,"Department of Guaviare, Colombia","COL.GUV_Department of Guaviare, Colombia_1413","MAIN","South_America"
1414,"Department of Vaups, Colombia","COL.VAU_Department of Vaups, Colombia_1414","MAIN","South_America"
1416,"Department of Choc, Colombia","COL.CHO_Department of Choc, Colombia_1416","MAIN","South_America"
1418,"Department of Casanare, Colombia","COL.CAS_Department of Casanare, Colombia_1418","MAIN","South_America"
1425,"Department of Napo, Ecuador","ECU.NAP_Department of Napo, Ecuador_1425","MAIN","South_America"
1427,"Department of Nario, Colombia","COL.NAR_Department of Nario, Colombia_1427","MAIN","South_America"
1428,"Department of Santander, Colombia","COL.SAN_Department of Santander, Colombia_1428","MAIN","South_America"
1429,"Department of Pastaza, Ecuador","ECU.PAS_Department of Pastaza, Ecuador_1429","MAIN","South_America"
1430,"Department of Cauca, Colombia","COL.CAU_Department of Cauca, Colombia_1430","MAIN","South_America"
1431,"Department of Bolvar, Colombia","COL.BOL_Department of Bolvar, Colombia_1431","MAIN","South_America"
1432,"Department of Arauca, Colombia","COL.ARA_Department of Arauca, Colombia_1432","MAIN","South_America"
1434,"Department of Crdoba, Colombia","COL.COR_Department of Crdoba, Colombia_1434","MAIN","South_America"
1435,"Department of Cundinamarca, Colombia","COL.CUN_Department of Cundinamarca, Colombia_1435","MAIN","South_America"
1436,"Department of Morona.Santiago, Ecuador","ECU.MOR_Department of Morona.Santiago, Ecuador_1436","MAIN","South_America"
1437,"Department of Putumayo, Colombia","COL.PUT_Department of Putumayo, Colombia_1437","MAIN","South_America"
1439,"Department of Tolima, Colombia","COL.TOL_Department of Tolima, Colombia_1439","MAIN","South_America"
1440,"Department of Boyac, Colombia","COL.BOY_Department of Boyac, Colombia_1440","MAIN","South_America"
1441,"Department of Cesar, Colombia","COL.CES_Department of Cesar, Colombia_1441","MAIN","South_America"
1442,"Department of Norte de Santander, Colombia","COL.NOR_Department of Norte de Santander, Colombia_1442","MAIN","South_America"
1444,"Department of Valle del Cauca, Colombia","COL.VAL_Department of Valle del Cauca, Colombia_1444","MAIN","South_America"
1445,"Department of Magdalena, Colombia","COL.MAG_Department of Magdalena, Colombia_1445","MAIN","South_America"
1448,"Department of La Guajira, Colombia","COL.GUJ_Department of La Guajira, Colombia_1448","MAIN","South_America"
1450,"Department of Huila, Colombia","COL.HUI_Department of Huila, Colombia_1450","MAIN","South_America"
1451,"Department of Guayas, Ecuador","ECU.GUA_Department of Guayas, Ecuador_1451","MAIN","South_America"
1452,"Department of Manab, Ecuador","ECU.MAN_Department of Manab, Ecuador_1452","MAIN","South_America"
1454,"Department of Sucumbos, Ecuador","ECU.SUC_Department of Sucumbos, Ecuador_1454","MAIN","South_America"
1460,"Department of Esmeraldas, Ecuador","ECU.ESM_Department of Esmeraldas, Ecuador_1460","MAIN","South_America"
1464,"Department of Pichincha, Ecuador","ECU.PIC_Department of Pichincha, Ecuador_1464","MAIN","South_America"
1472,"Department of Loja, Ecuador","ECU.LOJ_Department of Loja, Ecuador_1472","MAIN","South_America"
1474,"Department of Sucre, Colombia","COL.SUC_Department of Sucre, Colombia_1474","MAIN","South_America"
1476,"Department of Zamora.Chinchipe, Ecuador","ECU.ZAM_Department of Zamora.Chinchipe, Ecuador_1476","MAIN","South_America"
1485,"Department of Azuay, Ecuador","ECU.AZU_Department of Azuay, Ecuador_1485","MAIN","South_America"
1486,"Department of Caldas, Colombia","COL.CAL_Department of Caldas, Colombia_1486","MAIN","South_America"
1487,"Department of Los.Ros, Ecuador","ECU.RIO_Department of Los.Ros, Ecuador_1487","MAIN","South_America"
1488,"Department of Chimborazo, Ecuador","ECU.CHI_Department of Chimborazo, Ecuador_1488","MAIN","South_America"
1490,"Department of Cotopaxi, Ecuador","ECU.COT_Department of Cotopaxi, Ecuador_1490","MAIN","South_America"
1491,"Department of El.Oro, Ecuador","ECU.ORO_Department of El.Oro, Ecuador_1491","MAIN","South_America"
1497,"Department of Imbabura, Ecuador","ECU.IMB_Department of Imbabura, Ecuador_1497","MAIN","South_America"
1499,"Department of Atlntico, Colombia","COL.ATL_Department of Atlntico, Colombia_1499","MAIN","South_America"
1500,"Department of Risaralda, Colombia","COL.RIS_Department of Risaralda, Colombia_1500","MAIN","South_America"
1501,"Department of Bolvar, Ecuador","ECU.BOL_Department of Bolvar, Ecuador_1501","MAIN","South_America"
1503,"Department of Carchi, Ecuador","ECU.CAR_Department of Carchi, Ecuador_1503","MAIN","South_America"
1504,"Department of Tungurahua, Ecuador","ECU.TUN_Department of Tungurahua, Ecuador_1504","MAIN","South_America"
1505,"Department of Caar, Ecuador","ECU.CAN_Department of Caar, Ecuador_1505","MAIN","South_America"
1507,"Department of Quindo, Colombia","COL.QUI_Department of Quindo, Colombia_1507","MAIN","South_America"
1509,"Department of San Andrs, Providencia y Santa Catalina, Colombia","COL.SPS_Department of San Andrs, Providencia y Santa Catalina, Colombia_1509","ISL","Central_America_Carib"
1514,"Region de Santa Cruz, Bolivia","BOL.SCR_Region de Santa Cruz, Bolivia_1514","MAIN","South_America"
1515,"Region del Beni, Bolivia","BOL.BEN_Region del Beni, Bolivia_1515","MAIN","South_America"
1516,"Region de La Paz, Bolivia","BOL.LPA_Region de La Paz, Bolivia_1516","MAIN","South_America"
1517,"Region de Potos, Bolivia","BOL.POT_Region de Potos, Bolivia_1517","MAIN","South_America"
1518,"Region de Pando, Bolivia","BOL.PAN_Region de Pando, Bolivia_1518","MAIN","South_America"
1519,"Region de Cochabamba, Bolivia","BOL.COC_Region de Cochabamba, Bolivia_1519","MAIN","South_America"
1520,"Region de Oruro, Bolivia","BOL.ORU_Region de Oruro, Bolivia_1520","MAIN","South_America"
1521,"Region de Chuquisaca, Bolivia","BOL.CHU_Region de Chuquisaca, Bolivia_1521","MAIN","South_America"
1522,"Region de Tarija, Bolivia","BOL.TAR_Region de Tarija, Bolivia_1522","MAIN","South_America"
1523,"Ulyanovsk Oblast, Russian Federation","RUS.UL_Ulyanovsk Oblast, Russian Federation_1523","MAIN","Eastern_Europe"
1528,"New Zealand North Island","NZL.NOI_New Zealand North Island_1528","ISL","Oceania"
1529,"New Zealand South Island (without Stewart Island etc.)","NZL.SOI_New Zealand South Island (without Stewart Island etc.)_1529","ISL","Oceania"
1530,"New Zealand Stewart Island","NZL.STI_New Zealand Stewart Island_1530","ISL","Oceania"
1531,"Kuram","TJK.KUR_Kuram_1531","MAIN","Central_Asia"
1532,"Mogoltausian","TJK.MOG_Mogoltausian_1532","MAIN","Central_Asia"
1533,"Prisyrdarian","TJK.PRI_Prisyrdarian_1533","MAIN","Central_Asia"
1534,"Turkestanian A","TJK.TUA_Turkestanian A_1534","MAIN","Central_Asia"
1535,"Turkestanian B","TJK.TUB_Turkestanian B_1535","MAIN","Central_Asia"
1536,"Zeravshanian A","TJK.ZEA_Zeravshanian A_1536","MAIN","Central_Asia"
1537,"Zeravshanian B","TJK.ZEB_Zeravshanian B_1537","MAIN","Central_Asia"
1538,"Zeravshanian C","TJK.ZEC_Zeravshanian C_1538","MAIN","Central_Asia"
1539,"Hissaro-Darvasian A","TJK.HDA_Hissaro-Darvasian A_1539","MAIN","Central_Asia"
1540,"Hissaro-Darvasian B","TJK.HDB_Hissaro-Darvasian B_1540","MAIN","Central_Asia"
1541,"Hissaro-Darvasian C","TJK.HDC_Hissaro-Darvasian C_1541","MAIN","Central_Asia"
1542,"Hissaro-Darvasian D","TJK.HDD_Hissaro-Darvasian D_1542","MAIN","Central_Asia"
1543,"Hissaro-Darvasian E","TJK.HDE_Hissaro-Darvasian E_1543","MAIN","Central_Asia"
1544,"Hissaro-Darvasian F","TJK.HDF_Hissaro-Darvasian F_1544","MAIN","Central_Asia"
1545,"South Tajikistanian A","TJK.STA_South Tajikistanian A_1545","MAIN","Central_Asia"
1546,"South Tajikistanian B","TJK.STB_South Tajikistanian B_1546","MAIN","Central_Asia"
1547,"South Tajikistanian C","TJK.STC_South Tajikistanian C_1547","MAIN","Central_Asia"
1548,"South Tajikistanian D","TJK.STD_South Tajikistanian D_1548","MAIN","Central_Asia"
1549,"Eastern Tajikistanian A","TJK.ETA_Eastern Tajikistanian A_1549","MAIN","Central_Asia"
1550,"Eastern Tajikistanian B","TJK.ETB_Eastern Tajikistanian B_1550","MAIN","Central_Asia"
1551,"Eastern Tajikistanian C","TJK.ETC_Eastern Tajikistanian C_1551","MAIN","Southern_Asia"
1552,"Western Pamirian A","TJK.WPA_Western Pamirian A_1552","MAIN","Central_Asia"
1553,"Western Pamirian B","TJK.WPB_Western Pamirian B_1553","MAIN","Central_Asia"
1554,"Western Pamirian C","TJK.WPC_Western Pamirian C_1554","MAIN","Central_Asia"
1555,"Eastern Pamirian","TJK.EPA_Eastern Pamirian_1555","MAIN","Central_Asia"
1556,"Alayan","TJK.ALA_Alayan_1556","MAIN","Central_Asia"
1557,"Baden-Wrttemberg, Germany","DEU.BW_Baden-Wrttemberg, Germany_1557","MAIN","Europe"
1558,"Bayern, Germany","DEU.BY_Bayern, Germany_1558","MAIN","Europe"
1559,"Berlin, Germany","DEU.BE_Berlin, Germany_1559","MAIN","Europe"
1560,"Brandenburg, Germany","DEU.BB_Brandenburg, Germany_1560","MAIN","Europe"
1561,"Bremen, Germany","DEU.HB_Bremen, Germany_1561","MAIN","Europe"
1562,"Hamburg, Germany","DEU.HH_Hamburg, Germany_1562","MAIN","Europe"
1563,"Hessen, Germany","DEU.HE_Hessen, Germany_1563","MAIN","Europe"
1564,"Mecklenburg-Vorpommern, Germany","DEU.MV_Mecklenburg-Vorpommern, Germany_1564","MAIN","Europe"
1565,"Niedersachsen, Germany","DEU.NI_Niedersachsen, Germany_1565","MAIN","Europe"
1566,"Nordrhein-Westfalen, Germany","DEU.NW_Nordrhein-Westfalen, Germany_1566","MAIN","Europe"
1567,"Rheinland-Pfalz, Germany","DEU.RP_Rheinland-Pfalz, Germany_1567","MAIN","Europe"
1568,"Saarland, Germany","DEU.SL_Saarland, Germany_1568","MAIN","Europe"
1569,"Sachsen-Anhalt, Germany","DEU.ST_Sachsen-Anhalt, Germany_1569","MAIN","Europe"
1570,"Sachsen, Germany","DEU.SN_Sachsen, Germany_1570","MAIN","Europe"
1571,"Schleswig-Holstein, Germany","DEU.SH_Schleswig-Holstein, Germany_1571","MAIN","Europe"
1572,"Thringen, Germany","DEU.TH_Thringen, Germany_1572","MAIN","Europe"
1573,"Farah, Afghanistan","AFG.FAH_Farah, Afghanistan_1573","MAIN","Southern_Asia"
1574,"Helmand, Afghanistan","AFG.HEL_Helmand, Afghanistan_1574","MAIN","Southern_Asia"
1575,"Nimruz, Afghanistan","AFG.NIM_Nimruz, Afghanistan_1575","MAIN","Southern_Asia"
1576,"Kandahar, Afghanistan","AFG.KAN_Kandahar, Afghanistan_1576","MAIN","Southern_Asia"
1577,"Herat, Afghanistan","AFG.HER_Herat, Afghanistan_1577","MAIN","Southern_Asia"
1578,"Ghazni, Afghanistan","AFG.GHA_Ghazni, Afghanistan_1578","MAIN","Southern_Asia"
1579,"Badakhshan, Afghanistan","AFG.BAD_Badakhshan, Afghanistan_1579","MAIN","Southern_Asia"
1580,"Ghor, Afghanistan","AFG.GHO_Ghor, Afghanistan_1580","MAIN","Southern_Asia"
1581,"Urozgan, Afghanistan","AFG.URO_Urozgan, Afghanistan_1581","MAIN","Southern_Asia"
1582,"Badghis, Afghanistan","AFG.BAS_Badghis, Afghanistan_1582","MAIN","Southern_Asia"
1583,"Jowzjan, Afghanistan","AFG.JOW_Jowzjan, Afghanistan_1583","MAIN","Southern_Asia"
1584,"Faryab, Afghanistan","AFG.FAB_Faryab, Afghanistan_1584","MAIN","Southern_Asia"
1585,"Zabul, Afghanistan","AFG.ZAB_Zabul, Afghanistan_1585","MAIN","Southern_Asia"
1586,"Bamyan, Afghanistan","AFG.BAM_Bamyan, Afghanistan_1586","MAIN","Southern_Asia"
1587,"Takhar, Afghanistan","AFG.TAK_Takhar, Afghanistan_1587","MAIN","Southern_Asia"
1588,"Balkh, Afghanistan","AFG.BAL_Balkh, Afghanistan_1588","MAIN","Southern_Asia"
1589,"Samangan, Afghanistan","AFG.SAM_Samangan, Afghanistan_1589","MAIN","Southern_Asia"
1590,"Parwan, Afghanistan","AFG.PAR_Parwan, Afghanistan_1590","MAIN","Southern_Asia"
1591,"Badakhshan (Wakhan), Afghanistan","AFG.BWA_Badakhshan (Wakhan), Afghanistan_1591","MAIN","Southern_Asia"
1592,"Baghlan, Afghanistan","AFG.BAG_Baghlan, Afghanistan_1592","MAIN","Southern_Asia"
1593,"Paktika, Afghanistan","AFG.PAK_Paktika, Afghanistan_1593","MAIN","Southern_Asia"
1594,"Kunar, Afghanistan","AFG.KUR_Kunar, Afghanistan_1594","MAIN","Southern_Asia"
1595,"Maidan Wardak, Afghanistan","AFG.MAI_Maidan Wardak, Afghanistan_1595","MAIN","Southern_Asia"
1596,"Kunduz, Afghanistan","AFG.KUZ_Kunduz, Afghanistan_1596","MAIN","Southern_Asia"
1597,"Laghman, Afghanistan","AFG.LAG_Laghman, Afghanistan_1597","MAIN","Southern_Asia"
1598,"Nangarhar, Afghanistan","AFG.NAN_Nangarhar, Afghanistan_1598","MAIN","Southern_Asia"
1599,"Logar, Afghanistan","AFG.LOG_Logar, Afghanistan_1599","MAIN","Southern_Asia"
1600,"Kabul, Afghanistan","AFG.KAB_Kabul, Afghanistan_1600","MAIN","Southern_Asia"
1601,"Piemonte Region, Italy","ITA.PIE_Piemonte Region, Italy_1601","MAIN","Europe"
1602,"Lombardia Region, Italy","ITA.LOM_Lombardia Region, Italy_1602","MAIN","Europe"
1603,"Toscana Region, Italy","ITA.TOS_Toscana Region, Italy_1603","MAIN","Europe"
1604,"Emilia-Romagna Region, Italy","ITA.EMR_Emilia-Romagna Region, Italy_1604","MAIN","Europe"
1605,"Puglia Region, Italy","ITA.PUG_Puglia Region, Italy_1605","MAIN","Europe"
1606,"Veneto Region, Italy","ITA.VEN_Veneto Region, Italy_1606","MAIN","Europe"
1607,"Lazio Region, Italy","ITA.LAZ_Lazio Region, Italy_1607","MAIN","Europe"
1608,"Calabria Region, Italy","ITA.CAL_Calabria Region, Italy_1608","MAIN","Europe"
1609,"Campania Region, Italy","ITA.CAM_Campania Region, Italy_1609","MAIN","Europe"
1610,"Trentino-Alto Adige Region, Italy","ITA.TAA_Trentino-Alto Adige Region, Italy_1610","MAIN","Europe"
1611,"Abruzzo Region, Italy","ITA.ABR_Abruzzo Region, Italy_1611","MAIN","Europe"
1612,"Basilicata Region, Italy","ITA.BAS_Basilicata Region, Italy_1612","MAIN","Europe"
1613,"Marche Region, Italy","ITA.MAR_Marche Region, Italy_1613","MAIN","Europe"
1614,"Umbria Region, Italy","ITA.UMB_Umbria Region, Italy_1614","MAIN","Europe"
1615,"Friuli-Venezia Giulia Region, Italy","ITA.FVG_Friuli-Venezia Giulia Region, Italy_1615","MAIN","Europe"
1616,"Liguria Region, Italy","ITA.LIG_Liguria Region, Italy_1616","MAIN","Europe"
1617,"Molise Region, Italy","ITA.MOL_Molise Region, Italy_1617","MAIN","Europe"
1618,"Valle d'Aosta Region, Italy","ITA.VDA_Valle d'Aosta Region, Italy_1618","MAIN","Europe"
1623,"Mauritius island","MUS.MUS_Mauritius island_1623","ISL","East_Africa"
1629,"Bocas del Toro Province, Panama","PAN.BOC_Bocas del Toro Province, Panama_1629","MAIN","Central_America_Carib"
1630,"Chiriqu Province, Panama","PAN.CHI_Chiriqu Province, Panama_1630","MAIN","Central_America_Carib"
1631,"Cocl Province, Panama","PAN.COC_Cocl Province, Panama_1631","MAIN","Central_America_Carib"
1632,"Coln Province, Panama","PAN.COL_Coln Province, Panama_1632","MAIN","Central_America_Carib"
1633,"Darin Province, Panama","PAN.DAR_Darin Province, Panama_1633","MAIN","Central_America_Carib"
1634,"Herrera Province, Panama","PAN.HER_Herrera Province, Panama_1634","MAIN","Central_America_Carib"
1635,"Los Santos Province, Panama","PAN.LOS_Los Santos Province, Panama_1635","MAIN","Central_America_Carib"
1636,"Panam Province, Panama","PAN.PAN_Panam Province, Panama_1636","MAIN","Central_America_Carib"
1637,"San Blas Province, Panama","PAN.BLA_San Blas Province, Panama_1637","MAIN","Central_America_Carib"
1638,"Veraguas Province, Panama","PAN.VER_Veraguas Province, Panama_1638","MAIN","Central_America_Carib"
1639,"Sakhalin (island)","RUS.SAK_Sakhalin (island)_1639","ISL","Eastern_Europe"
1641,"Wallis and Futuna Islands","WLF_Wallis and Futuna Islands_1641","ISL","Micronesia_Polynesia"
1645,"Scattered Islands","FRA.SI_Scattered Islands_1645","ISL","East_Africa"
1648,"Saint-Martin (French part)","MAF_Saint-Martin (French part)_1648","ISL","Central_America_Carib"
1650,"Anjouan","COM.AN_Anjouan_1650","ISL","East_Africa"
1651,"Grande Comore","COM.GC_Grande Comore_1651","ISL","East_Africa"
1652,"Mohli","COM.MO_Mohli_1652","ISL","East_Africa"
1654,"Andorra","AND_Andorra_1654","MAIN","Europe"
1655,"Bosnia and Herzegovina","BIH_Bosnia and Herzegovina_1655","MAIN","Europe"
1657,"Micronesia (Federated States of)","FSM_Micronesia (Federated States of)_1657","ISL","Micronesia_Polynesia"
1659,"Aldan (Far East), Russia","RUS.RFE.AL_Aldan (Far East), Russia_1659","MAIN","Eastern_Europe"
1660,"Amgun, Russia","RUS.RFE.AM_Amgun, Russia_1660","MAIN","Eastern_Europe"
1661,"Anyui, Russia","RUS.RFE.AN_Anyui, Russia_1661","MAIN","Eastern_Europe"
1662,"Anadyr-Penzhina, Russia","RUS.RFE.AP_Anadyr-Penzhina, Russia_1662","MAIN","Eastern_Europe"
1663,"Bureya, Russia","RUS.RFE.BU_Bureya, Russia_1663","MAIN","Eastern_Europe"
1665,"Dauria, Russia","RUS.RFE.DA_Dauria, Russia_1665","MAIN","Eastern_Europe"
1666,"Kamchatka Peninsula (with Karaginsky Island), Russia","RUS.RFE.KA_Kamchatka Peninsula (with Karaginsky Island), Russia_1666","MAIN","Eastern_Europe"
1667,"Kolyma, Russia","RUS.RFE.KL_Kolyma, Russia_1667","MAIN","Eastern_Europe"
1668,"Commander Islands, Russia","RUS.RFE.KO_Commander Islands, Russia_1668","MAIN","Eastern_Europe"
1669,"Koryakia, Russia","RUS.RFE.KR_Koryakia, Russia_1669","MAIN","Eastern_Europe"
1670,"Lower Zeya, Russia","RUS.RFE.LZ_Lower Zeya, Russia_1670","MAIN","Eastern_Europe"
1671,"Nyukzha, Russia","RUS.RFE.NJ_Nyukzha, Russia_1671","MAIN","Eastern_Europe"
1672,"North Kuril Islands, Russia","RUS.RFE.NK_North Kuril Islands, Russia_1672","ISL","Eastern_Europe"
1673,"North Sakhalin, Russia","RUS.RFE.NS_North Sakhalin, Russia_1673","MAIN","Eastern_Europe"
1674,"Okhota, Russia","RUS.RFE.OK_Okhota, Russia_1674","MAIN","Eastern_Europe"
1675,"South Kuril Islands, Russia","RUS.RFE.SK_South Kuril Islands, Russia_1675","ISL","Eastern_Europe"
1676,"South Sakhalin, Russia","RUS.RFE.SS_South Sakhalin, Russia_1676","MAIN","Eastern_Europe"
1677,"Ussuri, Russia","RUS.RFE.US_Ussuri, Russia_1677","MAIN","Eastern_Europe"
1678,"Upper Zeya, Russia","RUS.RFE.UZ_Upper Zeya, Russia_1678","MAIN","Eastern_Europe"
1679,"Bolshoi Syrt, Kazakhstan","KAZ.1_Bolshoi Syrt, Kazakhstan_1679","MAIN","Central_Asia"
1680,"Zapadnii Melkosopochnik, Kazakhstan","KAZ.10_Zapadnii Melkosopochnik, Kazakhstan_1680","MAIN","Central_Asia"
1681,"Vostochnii Melkosopochnik, Kazakhstan","KAZ.11_Vostochnii Melkosopochnik, Kazakhstan_1681","MAIN","Central_Asia"
1682,"Zaisanskii, Kazakhstan","KAZ.12_Zaisanskii, Kazakhstan_1682","MAIN","Central_Asia"
1683,"Severnii Ust-Urt, Kazakhstan","KAZ.13_Severnii Ust-Urt, Kazakhstan_1683","MAIN","Central_Asia"
1684,"Priaralskii, Kazakhstan","KAZ.14_Priaralskii, Kazakhstan_1684","MAIN","Central_Asia"
1685,"Kyzyl-Ordynskii, Kazakhstan","KAZ.15_Kyzyl-Ordynskii, Kazakhstan_1685","MAIN","Central_Asia"
1686,"Betpakdolinskii, Kazakhstan","KAZ.16_Betpakdolinskii, Kazakhstan_1686","MAIN","Central_Asia"
1687,"Muiun-Kumskii, Kazakhstan","KAZ.17_Muiun-Kumskii, Kazakhstan_1687","MAIN","Central_Asia"
1688,"Balkhash-Alakulskii, Kazakhstan","KAZ.18_Balkhash-Alakulskii, Kazakhstan_1688","MAIN","Central_Asia"
1689,"Yuzhnii Ust-Urt, Kazakhstan","KAZ.19_Yuzhnii Ust-Urt, Kazakhstan_1689","MAIN","Central_Asia"
1690,"Tobolsko-Ishimskii, Kazakhstan","KAZ.2_Tobolsko-Ishimskii, Kazakhstan_1690","MAIN","Central_Asia"
1691,"Kyzyl-Kumskii, Kazakhstan","KAZ.20_Kyzyl-Kumskii, Kazakhstan_1691","MAIN","Central_Asia"
1692,"Turkestanskii, Kazakhstan","KAZ.21_Turkestanskii, Kazakhstan_1692","MAIN","Central_Asia"
1693,"Altai, Kazakhstan","KAZ.22_Altai, Kazakhstan_1693","MAIN","Central_Asia"
1694,"Tatbagatai, Kazakhstan","KAZ.23_Tatbagatai, Kazakhstan_1694","MAIN","Central_Asia"
1695,"Dzhungarskii Alatau, Kazakhstan","KAZ.24_Dzhungarskii Alatau, Kazakhstan_1695","MAIN","Central_Asia"
1696,"Zailiiskii Alatau, Kazakhstan","KAZ.25_Zailiiskii Alatau, Kazakhstan_1696","MAIN","Central_Asia"
1697,"Chu-Iliiskie Gory, Kazakhstan","KAZ.26_Chu-Iliiskie Gory, Kazakhstan_1697","MAIN","Central_Asia"
1698,"Kyrgyzskii Alatau, Kazakhstan","KAZ.27_Kyrgyzskii Alatau, Kazakhstan_1698","MAIN","Central_Asia"
1699,"Karatau, Kazakhstan","KAZ.28_Karatau, Kazakhstan_1699","MAIN","Central_Asia"
1700,"Zapadnii Tian-Shan, Kazakhstan","KAZ.29_Zapadnii Tian-Shan, Kazakhstan_1700","MAIN","Central_Asia"
1701,"Irtyshskii, Kazakhstan","KAZ.3_Irtyshskii, Kazakhstan_1701","MAIN","Central_Asia"
1702,"Semipalatinskii borovoi, Kazakhstan","KAZ.4_Semipalatinskii borovoi, Kazakhstan_1702","MAIN","Central_Asia"
1703,"Kokchetavskii, Kazakhstan","KAZ.5_Kokchetavskii, Kazakhstan_1703","MAIN","Central_Asia"
1704,"Prikaspiiskii, Kazakhstan","KAZ.6_Prikaspiiskii, Kazakhstan_1704","MAIN","Central_Asia"
1705,"Aktiubinskii, Kazakhstan","KAZ.7_Aktiubinskii, Kazakhstan_1705","MAIN","Central_Asia"
1706,"Embenskii, Kazakhstan","KAZ.8_Embenskii, Kazakhstan_1706","MAIN","Central_Asia"
1707,"Turgaiskii, Kazakhstan","KAZ.9_Turgaiskii, Kazakhstan_1707","MAIN","Central_Asia"
1724,"Buryatia North, Russia","RUS.SIB.BN_Buryatia North, Russia_1724","MAIN","Eastern_Europe"
1725,"Buryatia South, Russia","RUS.SIB.BS_Buryatia South, Russia_1725","MAIN","Eastern_Europe"
1726,"Kalar, Russia","RUS.SIB.KA_Kalar, Russia_1726","MAIN","Eastern_Europe"
1727,"Shilka-Argun, Russia","RUS.SIB.SH_Shilka-Argun, Russia_1727","MAIN","Eastern_Europe"
1728,"Angara-Sayany, Russia","RUS.SIB.AS_Angara-Sayany, Russia_1728","MAIN","Eastern_Europe"
1729,"Lena-Katanga, Russia","RUS.SIB.LK_Lena-Katanga, Russia_1729","MAIN","Eastern_Europe"
1730,"Putorana, Russia","RUS.SIB.PU_Putorana, Russia_1730","MAIN","Eastern_Europe"
1731,"Taimyr, Russia","RUS.SIB.TA_Taimyr, Russia_1731","MAIN","Eastern_Europe"
1732,"Tungusska, Russia","RUS.SIB.TN_Tungusska, Russia_1732","MAIN","Eastern_Europe"
1733,"Upper Enisei, Russia","RUS.SIB.UE_Upper Enisei, Russia_1733","MAIN","Eastern_Europe"
1734,"Kurgan, Russia","RUS.SIB.KU_Kurgan, Russia_1734","MAIN","Eastern_Europe"
1735,"Hanty-Mancy, Russia","RUS.SIB.HM_Hanty-Mancy, Russia_1735","MAIN","Eastern_Europe"
1736,"Tobol, Russia","RUS.SIB.TB_Tobol, Russia_1736","MAIN","Eastern_Europe"
1737,"Yamal-Nenetsk, Russia","RUS.SIB.YN_Yamal-Nenetsk, Russia_1737","MAIN","Eastern_Europe"
1738,"Aldan (Siberia), Russia","RUS.SIB.AL_Aldan (Siberia), Russia_1738","MAIN","Eastern_Europe"
1740,"Kolyma (Siberia), Russia","RUS.SIB.KO_Kolyma (Siberia), Russia_1740","MAIN","Eastern_Europe"
1741,"Olenek, Russia","RUS.SIB.OL_Olenek, Russia_1741","MAIN","Eastern_Europe"
1742,"Vilyui, Russia","RUS.SIB.VI_Vilyui, Russia_1742","MAIN","Eastern_Europe"
1743,"Yana-Indigirka, Russia","RUS.SIB.YI_Yana-Indigirka, Russia_1743","MAIN","Eastern_Europe"
1745,"Komi, Russia","RUS.KOM_Komi, Russia_1745","MAIN","Eastern_Europe"
1746,"Kostroma, Russia","RUS.KOS_Kostroma, Russia_1746","MAIN","Eastern_Europe"
1747,"Adygey, Russia","RUS.ADY_Adygey, Russia_1747","MAIN","Eastern_Europe"
1748,"Astrakhan, Russia","RUS.AST_Astrakhan, Russia_1748","MAIN","Eastern_Europe"
1749,"Bashkortostan, Russia","RUS.BAS_Bashkortostan, Russia_1749","MAIN","Eastern_Europe"
1750,"Belgorod, Russia","RUS.BEL_Belgorod, Russia_1750","MAIN","Eastern_Europe"
1751,"Bryansk, Russia","RUS.BRY_Bryansk, Russia_1751","MAIN","Eastern_Europe"
1752,"Ivanovo, Russia","RUS.IVA_Ivanovo, Russia_1752","MAIN","Eastern_Europe"
1753,"Kaliningrad, Russia","RUS.KAL_Kaliningrad, Russia_1753","MAIN","Eastern_Europe"
1754,"Kaluga, Russia","RUS.KAU_Kaluga, Russia_1754","MAIN","Eastern_Europe"
1755,"Nizhegorod, Russia","RUS.NIZ_Nizhegorod, Russia_1755","MAIN","Eastern_Europe"
1756,"North Ossetia, Russia","RUS.NOS_North Ossetia, Russia_1756","MAIN","Eastern_Europe"
1757,"Pskov, Russia","RUS.PSK_Pskov, Russia_1757","MAIN","Eastern_Europe"
1759,"Samara, Russia","RUS.SAM_Samara, Russia_1759","MAIN","Eastern_Europe"
1760,"Saratov, Russia","RUS.SAR_Saratov, Russia_1760","MAIN","Eastern_Europe"
1761,"Sverdlovsk, Russia","RUS.SVE_Sverdlovsk, Russia_1761","MAIN","Eastern_Europe"
1762,"Udmurt, Russia","RUS.UDM_Udmurt, Russia_1762","MAIN","Eastern_Europe"
1763,"Vladimir, Russia","RUS.VLA_Vladimir, Russia_1763","MAIN","Eastern_Europe"
1764,"Yaroslavl, Russia","RUS.YAR_Yaroslavl, Russia_1764","MAIN","Eastern_Europe"
1766,"Leningrad plus Novgorod, Russia","RUS.LNO_Leningrad plus Novgorod, Russia_1766","MAIN","Eastern_Europe"
1771,"Regin de Tarapac, Chile","CHL_Regin de Tarapac, Chile_1771","MAIN","South_America"
1773,"Java","IDN_Java_1773","ISL","Southeast_Asia"
1792,"Bumthang, Bhutan","NA_Bumthang, Bhutan_1792","MAIN","Southern_Asia"
1793,"Chhukha, Bhutan","NA_Chhukha, Bhutan_1793","MAIN","Southern_Asia"
1794,"Dagana, Bhutan","NA_Dagana, Bhutan_1794","MAIN","Southern_Asia"
1795,"Gasa, Bhutan","NA_Gasa, Bhutan_1795","MAIN","Southern_Asia"
1796,"Haa, Bhutan","NA_Haa, Bhutan_1796","MAIN","Southern_Asia"
1797,"Lhuentse, Bhutan","NA_Lhuentse, Bhutan_1797","MAIN","Southern_Asia"
1798,"Monggar, Bhutan","NA_Monggar, Bhutan_1798","MAIN","Southern_Asia"
1799,"Paro, Bhutan","NA_Paro, Bhutan_1799","MAIN","Southern_Asia"
1800,"Pemagatshel, Bhutan","NA_Pemagatshel, Bhutan_1800","MAIN","Southern_Asia"
1801,"Punakha, Bhutan","NA_Punakha, Bhutan_1801","MAIN","Southern_Asia"
1802,"Samdrupjongkhar, Bhutan","NA_Samdrupjongkhar, Bhutan_1802","MAIN","Southern_Asia"
1803,"Samtse, Bhutan","NA_Samtse, Bhutan_1803","MAIN","Southern_Asia"
1804,"Sarpang, Bhutan","NA_Sarpang, Bhutan_1804","MAIN","Southern_Asia"
1805,"Thimphu, Bhutan","NA_Thimphu, Bhutan_1805","MAIN","Southern_Asia"
1806,"Trashigang, Bhutan","NA_Trashigang, Bhutan_1806","MAIN","Southern_Asia"
1807,"Trongsa, Bhutan","NA_Trongsa, Bhutan_1807","MAIN","Southern_Asia"
1808,"Tsirang, Bhutan","NA_Tsirang, Bhutan_1808","MAIN","Southern_Asia"
1809,"Wangduephodrang, Bhutan","NA_Wangduephodrang, Bhutan_1809","MAIN","Southern_Asia"
1810,"Yangtse, Bhutan","NA_Yangtse, Bhutan_1810","MAIN","Southern_Asia"
1811,"Zhemgang, Bhutan","NA_Zhemgang, Bhutan_1811","MAIN","Southern_Asia"
1815,"Central Canada","CAN_Central Canada_1815","MAIN","Northern_North_America"
1816,"East Chukotka, Russia","RUS_East Chukotka, Russia_1816","MAIN","Eastern_Europe"
1817,"Eastern Greenland","GRL_Eastern Greenland_1817","ISL","Northern_North_America"
1819,"Hudson Bay - Labrador, Canada","CAN_Hudson Bay - Labrador, Canada_1819","MAIN","Northern_North_America"
1820,"Kanin-Pechora, Russia","RUS_Kanin-Pechora, Russia_1820","MAIN","Eastern_Europe"
1821,"Kharaulakh, Russia","RUS_Kharaulakh, Russia_1821","MAIN","Eastern_Europe"
1825,"South Chukotka, Russia","RUS_South Chukotka, Russia_1825","MAIN","Eastern_Europe"
1827,"West Chukotka, Russia","RUS_West Chukotka, Russia_1827","MAIN","Eastern_Europe"
1829,"Western Greenland","GRL_Western Greenland_1829","ISL","Northern_North_America"
1832,"Yana-Kolyma, Russia","RUS_Yana-Kolyma, Russia_1832","MAIN","Eastern_Europe"
1833,"Brussels Capital Region, Belgium","NA_Brussels Capital Region, Belgium_1833","MAIN","Europe"
1834,"Flanders, Belgium","NA_Flanders, Belgium_1834","MAIN","Europe"
1835,"Wallonia, Belgium","NA_Wallonia, Belgium_1835","MAIN","Europe"
1839,"Bali","NA_Bali_1839","ISL","Southeast_Asia"
